[90m2026-02-17T00:18:18.701Z[39m [96mINFO[39m [97m@wdio/browserstack-service[39m BrowserStack service started with id: f6e539f6-a11a-40d7-bdbe-809e5575b66b
[90m2026-02-17T00:18:18.703Z[39m [32mDEBUG[39m [97m@wdio/browserstack-service[39m _options data: {"buildIdentifier":"1","testObservabilityOptions":{"buildName":"bstack-demo","projectName":"BrowserStack Sample","buildTag":["Tag1","Tag2"]},"accessibility":true,"accessibilityOptions":{"wcagVersion":"wcag21a","includeIssueType":{"bestPractice":true,"needsReview":false},"includeTagsInTestingScope":["First"],"excludeTagsInTestingScope":["Twice"]}}
[90m2026-02-17T00:18:18.703Z[39m [32mDEBUG[39m [97m@wdio/browserstack-service[39m webdriver capabilities data: [{"platformName":"android","appium:deviceName":"Google Pixel 5","appium:platformVersion":"11.0","appium:automationName":"UiAutomator2","appium:app":"bs://3e805ee478b5b904ec0d8a3eb4fd5065de721105","appium:autoGrantPermissions":true}]
[90m2026-02-17T00:18:18.704Z[39m [32mDEBUG[39m [97m@wdio/browserstack-service[39m _config data: {"rootDir":"/Users/alvinalonzo/Sites/appium-class/wdio-appium/config","specs":["../test/specs/**/android/*screen.spec*.js"],"suites":{},"exclude":[],"capabilities":[],"logLevel":"info","logLevels":{},"groupLogsByTestSpec":false,"excludeDriverLogs":[],"bail":0,"waitforInterval":100,"waitforTimeout":10000,"framework":"mocha","reporters":["spec"],"services":[["browserstack",{"buildIdentifier":"1","testObservabilityOptions":{"buildName":"bstack-demo","projectName":"BrowserStack Sample","buildTag":["Tag1","Tag2"]},"accessibility":true,"accessibilityOptions":{"wcagVersion":"wcag21a","includeIssueType":{"bestPractice":true,"needsReview":false},"includeTagsInTestingScope":["First"],"excludeTagsInTestingScope":["Twice"]}}]],"maxInstances":10,"maxInstancesPerCapability":100,"injectGlobals":true,"filesToWatch":[],"connectionRetryTimeout":120000,"connectionRetryCount":3,"execArgv":[],"runnerEnv":{},"runner":"local","shard":{"current":1,"total":1},"specFileRetries":0,"specFileRetriesDelay":0,"specFileRetriesDeferred":false,"autoAssertOnTestEnd":true,"reporterSyncInterval":100,"reporterSyncTimeout":5000,"cucumberFeaturesWithLineNumbers":[],"mochaOpts":{"timeout":150000,"ui":"bdd"},"jasmineOpts":{"defaultTimeoutInterval":10000},"cucumberOpts":{"timeout":10000},"onPrepare":[],"onWorkerStart":[],"onWorkerEnd":[],"before":[],"beforeSession":[],"beforeSuite":[],"beforeHook":[],"beforeTest":[],"beforeCommand":[],"afterCommand":[],"afterTest":[],"afterHook":[],"afterSuite":[],"afterSession":[],"after":[],"onComplete":[],"onReload":[],"beforeAssertion":[],"afterAssertion":[],"beforeFeature":[],"beforeScenario":[],"beforeStep":[],"afterStep":[],"afterScenario":[],"afterFeature":[],"_":["config/wdio.android.bs.conf.js","config/wdio.android.bs.conf.js"],"$0":"/Users/alvinalonzo/Sites/appium-class/wdio-appium/node_modules/.bin/wdio","user":"[REDACTED]","key":"[REDACTED]","projectName":"Notepad Test","buildName":"Test Build","debug":"true","appiumVersion":"3.1.0"}
[90m2026-02-17T00:18:18.708Z[39m [32mDEBUG[39m [97m@wdio/browserstack-service[39m Sending SDK event with data {
  userName: '[REDACTED]',
  accessKey: '[REDACTED]',
  event_type: 'SDKTestAttempted',
  detectedFramework: 'WebdriverIO-mocha',
  event_properties: {
    sdkRunId: 'f6e539f6-a11a-40d7-bdbe-809e5575b66b',
    testhub_uuid: undefined,
    language_framework: 'WebdriverIO_mocha',
    referrer: 'WebdriverIO-mocha/9.23.3',
    language: 'WebdriverIO',
    languageVersion: 'v25.5.0',
    buildName: 'undefined',
    buildIdentifier: 'undefined',
    os: 'Darwin',
    hostname: 'MacBook-Pro-8.local',
    productMap: {
      observability: true,
      accessibility: true,
      percy: false,
      automate: true,
      app_automate: false
    },
    product: [ 'observability', 'accessibility', 'automate' ],
    framework: 'mocha'
  }
}
[90m2026-02-17T00:18:18.966Z[39m [32mDEBUG[39m [97m@wdio/browserstack-service[39m Funnel Event Response: "{\"message\":\"SDK Event recorded successfully\"}"
[90m2026-02-17T00:18:18.966Z[39m [32mDEBUG[39m [97m@wdio/browserstack-service[39m Funnel event success
[90m2026-02-17T00:18:18.973Z[39m [32mDEBUG[39m [97m@wdio/browserstack-service[39m Timestamp conversion for sdk:funnel:test-attempted: 1577.003203 -> 1771287498708.0962 (timeOrigin: 1771287497131.093)
[90m2026-02-17T00:18:18.968Z[39m [96mINFO[39m [97m@wdio/browserstack-service[39m startMain: Starting main process
[90m2026-02-17T00:18:18.968Z[39m [32mDEBUG[39m [97m@wdio/browserstack-service[39m Configuring Cli path.
[90m2026-02-17T00:18:18.968Z[39m [32mDEBUG[39m [97m@wdio/browserstack-service[39m File /Users/alvinalonzo/.browserstack already exist
[90m2026-02-17T00:18:18.969Z[39m [96mINFO[39m [97m@wdio/browserstack-service[39m Current CLI Path Found: /Users/alvinalonzo/.browserstack/cli/binary-macos-x64
[90m2026-02-17T00:18:19.801Z[39m [32mDEBUG[39m [97m@wdio/browserstack-service[39m response {"success":true}
[90m2026-02-17T00:18:19.806Z[39m [32mDEBUG[39m [97m@wdio/browserstack-service[39m Timestamp conversion for sdk:cli:check-update: 1838.405986 -> 1771287498969.499 (timeOrigin: 1771287497131.093)
[90m2026-02-17T00:18:19.801Z[39m [32mDEBUG[39m [97m@wdio/browserstack-service[39m Resolved binary path: /Users/alvinalonzo/.browserstack/cli/binary-macos-x64
[90m2026-02-17T00:18:19.801Z[39m [32mDEBUG[39m [97m@wdio/browserstack-service[39m spawning command='/Users/alvinalonzo/.browserstack/cli/binary-macos-x64,sdk'
[90m2026-02-17T00:18:20.214Z[39m [32mDEBUG[39m [97m@wdio/browserstack-service[39m CLI params loaded: {"id":"3c8bd701-bd39-4440-b785-4543bb063b8f","listen":"unix:/tmp/sdk-platform-3c8bd701-bd39-4440-b785-4543bb063b8f.sock"}
[90m2026-02-17T00:18:20.227Z[39m [32mDEBUG[39m [97m@wdio/browserstack-service[39m Timestamp conversion for sdk:cli:start: 1837.527259 -> 1771287498968.6204 (timeOrigin: 1771287497131.093)
[90m2026-02-17T00:18:20.216Z[39m [96mINFO[39m [97m@wdio/browserstack-service[39m Connected to gRPC server at unix:/tmp/sdk-platform-3c8bd701-bd39-4440-b785-4543bb063b8f.sock
[90m2026-02-17T00:18:20.216Z[39m [96mINFO[39m [97m@wdio/browserstack-service[39m Initialized gRPC client with bin session id: 3c8bd701-bd39-4440-b785-4543bb063b8f and listen address: unix:/tmp/sdk-platform-3c8bd701-bd39-4440-b785-4543bb063b8f.sock
[90m2026-02-17T00:18:20.217Z[39m [32mDEBUG[39m [97m@wdio/browserstack-service[39m startMain: main-process started
[90m2026-02-17T00:18:20.217Z[39m [32mDEBUG[39m [97m@wdio/browserstack-service[39m startBinSession: Calling startBinSession
[90m2026-02-17T00:18:20.217Z[39m [32mDEBUG[39m [97m@wdio/browserstack-service[39m StartBinSession with clientWorkerId: 0-29283, platformIndex: 0
[90m2026-02-17T00:18:21.482Z[39m [96mINFO[39m [97m@wdio/browserstack-service[39m StartBinSession successful
[90m2026-02-17T00:18:21.484Z[39m [32mDEBUG[39m [97m@wdio/browserstack-service[39m Is CLI running true
[90m2026-02-17T00:18:21.482Z[39m [32mDEBUG[39m [97m@wdio/browserstack-service[39m start: startBinSession response={"binSessionId":"3c8bd701-bd39-4440-b785-4543bb063b8f","config":"{\"userName\":\"alvinalonzo_azyPs7\",\"accessKey\":\"iaaSN4T6tstXhfMJHn8D\",\"platforms\":[{\"platformName\":\"android\",\"appium:deviceName\":\"Google Pixel 5\",\"appium:platformVersion\":\"11.0\",\"appium:automationName\":\"UiAutomator2\",\"appium:app\":\"bs://3e805ee478b5b904ec0d8a3eb4fd5065de721105\",\"appium:autoGrantPermissions\":true,\"wdioService\":\"9.23.3\",\"accessibility\":true}],\"isNonBstackA11yWDIO\":false,\"buildIdentifier\":\"1\",\"testObservabilityOptions\":{},\"accessibility\":true,\"accessibilityOptions\":{\"wcagVersion\":\"wcag21a\",\"includeIssueType\":{\"bestPractice\":true,\"needsReview\":false},\"includeTagsInTestingScope\":[\"First\"],\"excludeTagsInTestingScope\":[\"Twice\"]},\"testObservability\":true,\"testContextOptions\":{\"skipSessionName\":false,\"skipSessionStatus\":false,\"sessionNameOmitTestTitle\":false,\"sessionNamePrependTopLevelSuiteTitle\":false,\"sessionNameFormat\":\"\"},\"buildName\":\"bstack-demo\",\"projectName\":\"BrowserStack Sample\",\"buildTag\":[\"Tag1\",\"Tag2\"],\"browserstackLocal\":false,\"browserstackAutomation\":true,\"selfHeal\":false,\"disableAutoCaptureLogs\":false,\"testhub\":true,\"additionalPlatforms\":[],\"additionalParams\":{},\"browserStackLocalOptions\":{\"key\":\"iaaSN4T6tstXhfMJHn8D\",\"skipBinaryInitialisation\":false},\"testOrchestrationOptions\":{\"retryTestsOnFailure\":{},\"abortBuildOnFailure\":{}},\"apis\":{\"automate\":{\"hub\":\"https://hub.browserstack.com\",\"cdp\":\"https://cdp.browserstack.com\",\"api\":\"https://api.browserstack.com\",\"upload\":\"https://api-cloud.browserstack.com\"},\"appAutomate\":{\"hub\":\"https://hub.browserstack.com\",\"api\":\"https://api.browserstack.com\",\"upload\":\"https://api-cloud.browserstack.com\"},\"percy\":{\"api\":\"https://api.browserstack.com\"},\"turboScale\":{\"api\":\"https://grid.browserstack.com\"},\"accessibility\":{\"api\":\"https://accessibility.browserstack.com\"},\"appAccessibility\":{\"api\":\"https://app-accessibility.browserstack.com\"},\"observability\":{\"api\":\"https://collector-observability.browserstack.com\",\"upload\":\"https://upload-observability.browserstack.com\"},\"configServer\":{\"api\":\"https://sdk.browserstack.com\"},\"edsInstrumentation\":{\"api\":\"https://eds.browserstack.com\"},\"tcg\":{\"api\":\"https://tcg.browserstack.com\"}},\"hubUrl\":\"https://hub.browserstack.com/wd/hub\"}","testhub":{"jwt":"eyJhbGciOiJSUzI1NiJ9.eyJleHAiOiIxNzcxMjk4MzAwIiwiaXNzIjoid3d3LmJyb3dzZXJzdGFjay5jb20iLCJzdWIiOjEwNjg0MDAxLCJzY29wZSI6eyJwcm9kdWN0Ijoic2RrIiwidXNlcl9hY2Nlc3MiOnsidGVzdF9vYnNlcnZhYmlsaXR5IjoxLCJhdXRvbWF0ZSI6MSwiYXBwX2F1dG9tYXRlIjoxLCJwZXJjeSI6MSwiYXBwX3BlcmN5IjoxLCJhY2Nlc3NpYmlsaXR5X3Rlc3RpbmciOjEsImFwcF9hY2Nlc3NpYmlsaXR5X3Rlc3RpbmciOjEsImF1dG9tYXRlX3R1cmJvc2NhbGUiOjEsImxvd19jb2RlX2F1dG9tYXRpb24iOjF9LCJpYWFtX3JvbGUiOiJvd25lciJ9LCJncm91cF9pZCI6MTA1OTg5NTEsInRlYW1faWQiOm51bGwsInVkYWNfYWNjZXNzIjoiZ2xvYmFsIn0.riJ-aonMi1_xtyAYakVoRUA3Jy0gcvPBGVbOeJVQM4Vxd1DXpSxQWthc0ABit-BSQhZIlb2wsStxEGV4izYBrP6wOTni1vnGDt0_dvPKZ6YKyx33c7cgRWP5ZvSVnO9qkhtDJPyoLRAY0um5Jf5lKSycBnh-JPSSSxo4p818Ln3mRiHNYt3_OoFh6FxGrSHJcjdG4TpkDnDgH3wvYK2OARhFbGOVWJHnf3NwM5qeaaVzwvBQDjnqeuUKgeK9VcyJCjyhdIn03CYEGu02gb6VbvRT3M_YiSn4aD8HIhwaO6PeLg6ESAsWvME4TT5iQiSnMalLxv0fJ59kJ8TmzpWxgA","buildHashedId":"wbykzlqi66atfxlqcueongdvbrepzlu5bvuhmvux","testhubEvents":true,"errors":{}},"observability":{"success":true,"errors":[]},"accessibility":{"success":false,"code":"403","errors":[],"isAppAccessibility":false},"sessionFramework":"config/wdio.android.bs.conf.js"}
[90m2026-02-17T00:18:21.482Z[39m [96mINFO[39m [97m@wdio/browserstack-service[39m loadModules: binSessionId=3c8bd701-bd39-4440-b785-4543bb063b8f
[90m2026-02-17T00:18:21.482Z[39m [32mDEBUG[39m [97m@wdio/browserstack-service[39m loadModules: config={"userName":"alvinalonzo_azyPs7","accessKey":"iaaSN4T6tstXhfMJHn8D","platforms":[{"platformName":"android","appium:deviceName":"Google Pixel 5","appium:platformVersion":"11.0","appium:automationName":"UiAutomator2","appium:app":"bs://3e805ee478b5b904ec0d8a3eb4fd5065de721105","appium:autoGrantPermissions":true,"wdioService":"9.23.3","accessibility":true}],"isNonBstackA11yWDIO":false,"buildIdentifier":"1","testObservabilityOptions":{},"accessibility":true,"accessibilityOptions":{"wcagVersion":"wcag21a","includeIssueType":{"bestPractice":true,"needsReview":false},"includeTagsInTestingScope":["First"],"excludeTagsInTestingScope":["Twice"]},"testObservability":true,"testContextOptions":{"skipSessionName":false,"skipSessionStatus":false,"sessionNameOmitTestTitle":false,"sessionNamePrependTopLevelSuiteTitle":false,"sessionNameFormat":""},"buildName":"bstack-demo","projectName":"BrowserStack Sample","buildTag":["Tag1","Tag2"],"browserstackLocal":false,"browserstackAutomation":true,"selfHeal":false,"disableAutoCaptureLogs":false,"testhub":true,"additionalPlatforms":[],"additionalParams":{},"browserStackLocalOptions":{"key":"iaaSN4T6tstXhfMJHn8D","skipBinaryInitialisation":false},"testOrchestrationOptions":{"retryTestsOnFailure":{},"abortBuildOnFailure":{}},"apis":{"automate":{"hub":"https://hub.browserstack.com","cdp":"https://cdp.browserstack.com","api":"https://api.browserstack.com","upload":"https://api-cloud.browserstack.com"},"appAutomate":{"hub":"https://hub.browserstack.com","api":"https://api.browserstack.com","upload":"https://api-cloud.browserstack.com"},"percy":{"api":"https://api.browserstack.com"},"turboScale":{"api":"https://grid.browserstack.com"},"accessibility":{"api":"https://accessibility.browserstack.com"},"appAccessibility":{"api":"https://app-accessibility.browserstack.com"},"observability":{"api":"https://collector-observability.browserstack.com","upload":"https://upload-observability.browserstack.com"},"configServer":{"api":"https://sdk.browserstack.com"},"edsInstrumentation":{"api":"https://eds.browserstack.com"},"tcg":{"api":"https://tcg.browserstack.com"}},"hubUrl":"https://hub.browserstack.com/wd/hub"}
[90m2026-02-17T00:18:21.483Z[39m [96mINFO[39m [97m@wdio/browserstack-service[39m AutomateModule: Initializing Automate Module
[90m2026-02-17T00:18:21.484Z[39m [32mDEBUG[39m [97m@wdio/browserstack-service[39m configureModules: Configuring modules
[90m2026-02-17T00:18:21.484Z[39m [32mDEBUG[39m [97m@wdio/browserstack-service[39m configureModules: Configuring module=WebdriverIOModule platformIndex=0
[90m2026-02-17T00:18:21.484Z[39m [32mDEBUG[39m [97m@wdio/browserstack-service[39m Configured module WebdriverIOModule with binSessionId=3c8bd701-bd39-4440-b785-4543bb063b8f, platformIndex=0
[90m2026-02-17T00:18:21.484Z[39m [32mDEBUG[39m [97m@wdio/browserstack-service[39m configureModules: Configuring module=AutomateModule platformIndex=0
[90m2026-02-17T00:18:21.484Z[39m [32mDEBUG[39m [97m@wdio/browserstack-service[39m Configured module AutomateModule with binSessionId=3c8bd701-bd39-4440-b785-4543bb063b8f, platformIndex=0
[90m2026-02-17T00:18:21.484Z[39m [32mDEBUG[39m [97m@wdio/browserstack-service[39m configureModules: Configuring module=ObservabilityModule platformIndex=0
[90m2026-02-17T00:18:21.484Z[39m [32mDEBUG[39m [97m@wdio/browserstack-service[39m Configured module ObservabilityModule with binSessionId=3c8bd701-bd39-4440-b785-4543bb063b8f, platformIndex=0
[90m2026-02-17T00:18:21.486Z[39m [32mDEBUG[39m [97m@wdio/browserstack-service[39m configureModules: Configuring module=TestHubModule platformIndex=0
[90m2026-02-17T00:18:21.486Z[39m [32mDEBUG[39m [97m@wdio/browserstack-service[39m Configured module TestHubModule with binSessionId=3c8bd701-bd39-4440-b785-4543bb063b8f, platformIndex=0
[90m2026-02-17T00:18:21.485Z[39m [33mWARN[39m [97m@wdio/browserstack-service[39m Skipping buildIdentifier as buildName is not passed.
[90m2026-02-17T00:18:21.485Z[39m [33mWARN[39m [97m@wdio/browserstack-service[39m Accessibility Automation will run only on Chrome browsers.
[90m2026-02-17T00:18:21.485Z[39m [33mWARN[39m [97m@wdio/browserstack-service[39m Accessibility Automation will run only on Chrome browsers.
[90m2026-02-17T00:18:21.515Z[39m [32mDEBUG[39m [97m@wdio/browserstack-service[39m Timestamp conversion for sdk:pre-test: 1576.20827 -> 1771287498707.3013 (timeOrigin: 1771287497131.093)
[90m2026-02-17T00:18:21.515Z[39m [32mDEBUG[39m [97m@wdio/browserstack-service[39m Timestamp conversion for sdk:automationFrameworkInit: 1576.950343 -> 1771287498708.0435 (timeOrigin: 1771287497131.093)
[90m2026-02-17T00:18:21.515Z[39m [32mDEBUG[39m [97m@wdio/browserstack-service[39m Timestamp conversion for sdk:automationFrameworkStart: 1836.366421 -> 1771287498967.4595 (timeOrigin: 1771287497131.093)
[90m2026-02-17T00:18:21.515Z[39m [32mDEBUG[39m [97m@wdio/browserstack-service[39m Timestamp conversion for sdk:startBinSession: 3086.205377 -> 1771287500217.2983 (timeOrigin: 1771287497131.093)
[90m2026-02-17T00:18:21.515Z[39m [32mDEBUG[39m [97m@wdio/browserstack-service[39m Timestamp conversion for sdk:setup: 4368.790546 -> 1771287501499.8835 (timeOrigin: 1771287497131.093)
[90m2026-02-17T00:18:23.146Z[39m [96mINFO[39m [97m@wdio/browserstack-service[39m Starting as child process with session ID: 3c8bd701-bd39-4440-b785-4543bb063b8f
[90m2026-02-17T00:18:23.150Z[39m [96mINFO[39m [97m@wdio/browserstack-service[39m Connected to gRPC server at unix:/tmp/sdk-platform-3c8bd701-bd39-4440-b785-4543bb063b8f.sock
[90m2026-02-17T00:18:23.151Z[39m [32mDEBUG[39m [97m@wdio/browserstack-service[39m Connecting bin session
[90m2026-02-17T00:18:23.151Z[39m [32mDEBUG[39m [97m@wdio/browserstack-service[39m ConnectBinSession with clientWorkerId: 0-29292
[90m2026-02-17T00:18:23.184Z[39m [96mINFO[39m [97m@wdio/browserstack-service[39m ConnectBinSession successful
[90m2026-02-17T00:18:23.185Z[39m [96mINFO[39m [97m@wdio/browserstack-service[39m Connected to bin session: {"binSessionId":"3c8bd701-bd39-4440-b785-4543bb063b8f","config":"{\"userName\":\"alvinalonzo_azyPs7\",\"accessKey\":\"iaaSN4T6tstXhfMJHn8D\",\"platforms\":[{\"platformName\":\"android\",\"appium:deviceName\":\"Google Pixel 5\",\"appium:platformVersion\":\"11.0\",\"appium:automationName\":\"UiAutomator2\",\"appium:app\":\"bs://3e805ee478b5b904ec0d8a3eb4fd5065de721105\",\"appium:autoGrantPermissions\":true,\"wdioService\":\"9.23.3\",\"accessibility\":true}],\"isNonBstackA11yWDIO\":false,\"buildIdentifier\":\"1\",\"testObservabilityOptions\":{},\"accessibility\":true,\"accessibilityOptions\":{\"wcagVersion\":\"wcag21a\",\"includeIssueType\":{\"bestPractice\":true,\"needsReview\":false},\"includeTagsInTestingScope\":[\"First\"],\"excludeTagsInTestingScope\":[\"Twice\"]},\"testObservability\":true,\"testContextOptions\":{\"skipSessionName\":false,\"skipSessionStatus\":false,\"sessionNameOmitTestTitle\":false,\"sessionNamePrependTopLevelSuiteTitle\":false,\"sessionNameFormat\":\"\"},\"buildName\":\"bstack-demo\",\"projectName\":\"BrowserStack Sample\",\"buildTag\":[\"Tag1\",\"Tag2\"],\"browserstackLocal\":false,\"browserstackAutomation\":true,\"selfHeal\":false,\"disableAutoCaptureLogs\":false,\"testhub\":true,\"additionalPlatforms\":[],\"additionalParams\":{},\"browserStackLocalOptions\":{\"key\":\"iaaSN4T6tstXhfMJHn8D\",\"skipBinaryInitialisation\":false},\"testOrchestrationOptions\":{\"retryTestsOnFailure\":{},\"abortBuildOnFailure\":{}},\"apis\":{\"automate\":{\"hub\":\"https://hub.browserstack.com\",\"cdp\":\"https://cdp.browserstack.com\",\"api\":\"https://api.browserstack.com\",\"upload\":\"https://api-cloud.browserstack.com\"},\"appAutomate\":{\"hub\":\"https://hub.browserstack.com\",\"api\":\"https://api.browserstack.com\",\"upload\":\"https://api-cloud.browserstack.com\"},\"percy\":{\"api\":\"https://api.browserstack.com\"},\"turboScale\":{\"api\":\"https://grid.browserstack.com\"},\"accessibility\":{\"api\":\"https://accessibility.browserstack.com\"},\"appAccessibility\":{\"api\":\"https://app-accessibility.browserstack.com\"},\"observability\":{\"api\":\"https://collector-observability.browserstack.com\",\"upload\":\"https://upload-observability.browserstack.com\"},\"configServer\":{\"api\":\"https://sdk.browserstack.com\"},\"edsInstrumentation\":{\"api\":\"https://eds.browserstack.com\"},\"tcg\":{\"api\":\"https://tcg.browserstack.com\"}},\"hubUrl\":\"https://hub-usw.browserstack.com/wd/hub\"}","testhub":{"jwt":"eyJhbGciOiJSUzI1NiJ9.eyJleHAiOiIxNzcxMjk4MzAwIiwiaXNzIjoid3d3LmJyb3dzZXJzdGFjay5jb20iLCJzdWIiOjEwNjg0MDAxLCJzY29wZSI6eyJwcm9kdWN0Ijoic2RrIiwidXNlcl9hY2Nlc3MiOnsidGVzdF9vYnNlcnZhYmlsaXR5IjoxLCJhdXRvbWF0ZSI6MSwiYXBwX2F1dG9tYXRlIjoxLCJwZXJjeSI6MSwiYXBwX3BlcmN5IjoxLCJhY2Nlc3NpYmlsaXR5X3Rlc3RpbmciOjEsImFwcF9hY2Nlc3NpYmlsaXR5X3Rlc3RpbmciOjEsImF1dG9tYXRlX3R1cmJvc2NhbGUiOjEsImxvd19jb2RlX2F1dG9tYXRpb24iOjF9LCJpYWFtX3JvbGUiOiJvd25lciJ9LCJncm91cF9pZCI6MTA1OTg5NTEsInRlYW1faWQiOm51bGwsInVkYWNfYWNjZXNzIjoiZ2xvYmFsIn0.riJ-aonMi1_xtyAYakVoRUA3Jy0gcvPBGVbOeJVQM4Vxd1DXpSxQWthc0ABit-BSQhZIlb2wsStxEGV4izYBrP6wOTni1vnGDt0_dvPKZ6YKyx33c7cgRWP5ZvSVnO9qkhtDJPyoLRAY0um5Jf5lKSycBnh-JPSSSxo4p818Ln3mRiHNYt3_OoFh6FxGrSHJcjdG4TpkDnDgH3wvYK2OARhFbGOVWJHnf3NwM5qeaaVzwvBQDjnqeuUKgeK9VcyJCjyhdIn03CYEGu02gb6VbvRT3M_YiSn4aD8HIhwaO6PeLg6ESAsWvME4TT5iQiSnMalLxv0fJ59kJ8TmzpWxgA","buildHashedId":"wbykzlqi66atfxlqcueongdvbrepzlu5bvuhmvux","testhubEvents":true,"errors":{}},"observability":{"success":true,"errors":[]},"accessibility":{"success":false,"code":"403","errors":[],"isAppAccessibility":false},"sessionFramework":"selenium","testOrchestration":{"retryTestsOnFailure":{"enabled":false,"maxRetries":0},"abortBuildOnFailure":{"enabled":false,"maxFailures":0}}}
[90m2026-02-17T00:18:23.185Z[39m [96mINFO[39m [97m@wdio/browserstack-service[39m loadModules: binSessionId=3c8bd701-bd39-4440-b785-4543bb063b8f
[90m2026-02-17T00:18:23.185Z[39m [32mDEBUG[39m [97m@wdio/browserstack-service[39m loadModules: config={"userName":"alvinalonzo_azyPs7","accessKey":"iaaSN4T6tstXhfMJHn8D","platforms":[{"platformName":"android","appium:deviceName":"Google Pixel 5","appium:platformVersion":"11.0","appium:automationName":"UiAutomator2","appium:app":"bs://3e805ee478b5b904ec0d8a3eb4fd5065de721105","appium:autoGrantPermissions":true,"wdioService":"9.23.3","accessibility":true}],"isNonBstackA11yWDIO":false,"buildIdentifier":"1","testObservabilityOptions":{},"accessibility":true,"accessibilityOptions":{"wcagVersion":"wcag21a","includeIssueType":{"bestPractice":true,"needsReview":false},"includeTagsInTestingScope":["First"],"excludeTagsInTestingScope":["Twice"]},"testObservability":true,"testContextOptions":{"skipSessionName":false,"skipSessionStatus":false,"sessionNameOmitTestTitle":false,"sessionNamePrependTopLevelSuiteTitle":false,"sessionNameFormat":""},"buildName":"bstack-demo","projectName":"BrowserStack Sample","buildTag":["Tag1","Tag2"],"browserstackLocal":false,"browserstackAutomation":true,"selfHeal":false,"disableAutoCaptureLogs":false,"testhub":true,"additionalPlatforms":[],"additionalParams":{},"browserStackLocalOptions":{"key":"iaaSN4T6tstXhfMJHn8D","skipBinaryInitialisation":false},"testOrchestrationOptions":{"retryTestsOnFailure":{},"abortBuildOnFailure":{}},"apis":{"automate":{"hub":"https://hub.browserstack.com","cdp":"https://cdp.browserstack.com","api":"https://api.browserstack.com","upload":"https://api-cloud.browserstack.com"},"appAutomate":{"hub":"https://hub.browserstack.com","api":"https://api.browserstack.com","upload":"https://api-cloud.browserstack.com"},"percy":{"api":"https://api.browserstack.com"},"turboScale":{"api":"https://grid.browserstack.com"},"accessibility":{"api":"https://accessibility.browserstack.com"},"appAccessibility":{"api":"https://app-accessibility.browserstack.com"},"observability":{"api":"https://collector-observability.browserstack.com","upload":"https://upload-observability.browserstack.com"},"configServer":{"api":"https://sdk.browserstack.com"},"edsInstrumentation":{"api":"https://eds.browserstack.com"},"tcg":{"api":"https://tcg.browserstack.com"}},"hubUrl":"https://hub-usw.browserstack.com/wd/hub"}
[90m2026-02-17T00:18:23.186Z[39m [96mINFO[39m [97m@wdio/browserstack-service[39m AutomateModule: Initializing Automate Module
[90m2026-02-17T00:18:23.186Z[39m [32mDEBUG[39m [97m@wdio/browserstack-service[39m configureModules: Configuring modules
[90m2026-02-17T00:18:23.186Z[39m [32mDEBUG[39m [97m@wdio/browserstack-service[39m configureModules: Configuring module=WebdriverIOModule platformIndex=0
[90m2026-02-17T00:18:23.186Z[39m [32mDEBUG[39m [97m@wdio/browserstack-service[39m Configured module WebdriverIOModule with binSessionId=3c8bd701-bd39-4440-b785-4543bb063b8f, platformIndex=0
[90m2026-02-17T00:18:23.186Z[39m [32mDEBUG[39m [97m@wdio/browserstack-service[39m configureModules: Configuring module=AutomateModule platformIndex=0
[90m2026-02-17T00:18:23.186Z[39m [32mDEBUG[39m [97m@wdio/browserstack-service[39m Configured module AutomateModule with binSessionId=3c8bd701-bd39-4440-b785-4543bb063b8f, platformIndex=0
[90m2026-02-17T00:18:23.186Z[39m [32mDEBUG[39m [97m@wdio/browserstack-service[39m configureModules: Configuring module=ObservabilityModule platformIndex=0
[90m2026-02-17T00:18:23.186Z[39m [32mDEBUG[39m [97m@wdio/browserstack-service[39m Configured module ObservabilityModule with binSessionId=3c8bd701-bd39-4440-b785-4543bb063b8f, platformIndex=0
[90m2026-02-17T00:18:23.187Z[39m [96mINFO[39m [97m@wdio/browserstack-service[39m trackEvent: automationFrameworkState=AutomationFrameworkState.CREATE hookState=HookState.PRE
[90m2026-02-17T00:18:23.187Z[39m [96mINFO[39m [97m@wdio/browserstack-service[39m trackEvent: automationFrameworkState=AutomationFrameworkState.CREATE hookState=HookState.PRE args=[object Object]
[90m2026-02-17T00:18:23.187Z[39m [32mDEBUG[39m [97m@wdio/browserstack-service[39m configureModules: Configuring module=TestHubModule platformIndex=0
[90m2026-02-17T00:18:23.187Z[39m [32mDEBUG[39m [97m@wdio/browserstack-service[39m Configured module TestHubModule with binSessionId=3c8bd701-bd39-4440-b785-4543bb063b8f, platformIndex=0
[90m2026-02-17T00:18:23.187Z[39m [96mINFO[39m [97m@wdio/browserstack-service[39m resolveInstance: resolving instance for automationFrameworkState=AutomationFrameworkState.CREATE hookState=HookState.PRE
[90m2026-02-17T00:18:23.187Z[39m [32mDEBUG[39m [97m@wdio/browserstack-service[39m getTrackedInstance: 29292:0
[90m2026-02-17T00:18:23.188Z[39m [96mINFO[39m [97m@wdio/browserstack-service[39m trackWebdriverIOInstance: created instance for target=29292:0, state=AutomationFrameworkState.CREATE, args=[object Object]
[90m2026-02-17T00:18:23.188Z[39m [32mDEBUG[39m [97m@wdio/browserstack-service[39m setTrackedInstance: 3e7525ceb4837ac217ab7cb5bb300ca4eef6de9c0d8f93e8d8e0519c7289accc
[90m2026-02-17T00:18:23.188Z[39m [96mINFO[39m [97m@wdio/browserstack-service[39m trackWebdriverIOInstance: saved instance contextId=3e7525ceb4837ac217ab7cb5bb300ca4eef6de9c0d8f93e8d8e0519c7289accc target=29292:0
[90m2026-02-17T00:18:23.188Z[39m [32mDEBUG[39m [97m@wdio/browserstack-service[39m getTrackedInstance: 29292:0
[90m2026-02-17T00:18:23.188Z[39m [96mINFO[39m [97m@wdio/browserstack-service[39m runHooks: automationFrameworkState=AutomationFrameworkState.CREATE hookState=HookState.PRE
[90m2026-02-17T00:18:23.188Z[39m [32mDEBUG[39m [97m@wdio/browserstack-service[39m onBeforeDriverCreate: driver is about to be created
[90m2026-02-17T00:18:23.188Z[39m [96mINFO[39m [97m@wdio/browserstack-service[39m Sending driverInitEvent
[90m2026-02-17T00:18:23.188Z[39m [32mDEBUG[39m [97m@wdio/browserstack-service[39m DriverInitEvent with clientWorkerId: 0-29292
[90m2026-02-17T00:18:23.191Z[39m [32mDEBUG[39m [97m@wdio/browserstack-service[39m Timestamp conversion for sdk:cli:on-bootstrap: 1581.232223 -> 1771287503145.849 (timeOrigin: 1771287501564.617)
[90m2026-02-17T00:18:23.191Z[39m [32mDEBUG[39m [97m@wdio/browserstack-service[39m Timestamp conversion for sdk:connectBinSession: 1581.363046 -> 1771287503145.98 (timeOrigin: 1771287501564.617)
[90m2026-02-17T00:18:23.191Z[39m [32mDEBUG[39m [97m@wdio/browserstack-service[39m Timestamp conversion for sdk:connectBinSession: 1581.363046 -> 1771287503145.98 (timeOrigin: 1771287501564.617)
[90m2026-02-17T00:18:23.191Z[39m [32mDEBUG[39m [97m@wdio/browserstack-service[39m Timestamp conversion for sdk:findNearestHub: 1622.369273 -> 1771287503186.9863 (timeOrigin: 1771287501564.617)
[90m2026-02-17T00:18:23.197Z[39m [96mINFO[39m [97m@wdio/browserstack-service[39m driverInitEvent successful
[90m2026-02-17T00:18:23.198Z[39m [32mDEBUG[39m [97m@wdio/browserstack-service[39m Device allocation tracking started - waiting for WebDriverIO to create remote session
[90m2026-02-17T00:18:23.364Z[39m [32mDEBUG[39m [97m@wdio/browserstack-service[39m Timestamp conversion for sdk:hook: 1580.700524 -> 1771287503145.3174 (timeOrigin: 1771287501564.617)
[90m2026-02-17T00:18:23.364Z[39m [32mDEBUG[39m [97m@wdio/browserstack-service[39m Timestamp conversion for sdk:driverInit: 1581.013895 -> 1771287503145.6309 (timeOrigin: 1771287501564.617)
[90m2026-02-17T00:18:23.197Z[39m [32mDEBUG[39m [97m@wdio/browserstack-service[39m getBinDriverCapabilities: got hub url https://hub-usw.browserstack.com/wd/hub
[90m2026-02-17T00:18:23.197Z[39m [32mDEBUG[39m [97m@wdio/browserstack-service[39m getTrackedInstance: 29292:0
[90m2026-02-17T00:18:50.245Z[39m [32mDEBUG[39m [97m@wdio/browserstack-service[39m Device allocation tracking ended - remote session created successfully
[90m2026-02-17T00:18:50.247Z[39m [96mINFO[39m [97m@wdio/browserstack-service[39m trackEvent: automationFrameworkState=AutomationFrameworkState.CREATE hookState=HookState.POST
[90m2026-02-17T00:18:50.246Z[39m [96mINFO[39m [97m@wdio/browserstack-service[39m CLI is running, tracking accessibility event for before: 42915cf02c37041c29303932cce4bf5ad558a90e
[90m2026-02-17T00:18:50.247Z[39m [32mDEBUG[39m [97m@wdio/browserstack-service[39m Skipping method: Console, exists: true, type: function
[90m2026-02-17T00:18:50.247Z[39m [96mINFO[39m [97m@wdio/browserstack-service[39m CLI is running, tracking insights event for before: 42915cf02c37041c29303932cce4bf5ad558a90e
[90m2026-02-17T00:18:50.257Z[39m [32mDEBUG[39m [97m@wdio/browserstack-service[39m Timestamp conversion for sdk:device-allocation: 1633.471946 -> 1771287503198.0889 (timeOrigin: 1771287501564.617)
[90m2026-02-17T00:18:50.257Z[39m [32mDEBUG[39m [97m@wdio/browserstack-service[39m Timestamp conversion for sdk:hook: 28681.066634 -> 1771287530245.6836 (timeOrigin: 1771287501564.617)
[90m2026-02-17T00:18:50.257Z[39m [32mDEBUG[39m [97m@wdio/browserstack-service[39m Timestamp conversion for sdk:driver:pre-initialization: 28681.454917 -> 1771287530246.0718 (timeOrigin: 1771287501564.617)
[90m2026-02-17T00:18:50.257Z[39m [32mDEBUG[39m [97m@wdio/browserstack-service[39m Timestamp conversion for sdk:o11y:sync: 28683.568638 -> 1771287530248.1855 (timeOrigin: 1771287501564.617)
[90m2026-02-17T00:18:50.247Z[39m [96mINFO[39m [97m@wdio/browserstack-service[39m trackEvent: automationFrameworkState=AutomationFrameworkState.CREATE hookState=HookState.POST args=[object Object]
[90m2026-02-17T00:18:50.247Z[39m [96mINFO[39m [97m@wdio/browserstack-service[39m resolveInstance: resolving instance for automationFrameworkState=AutomationFrameworkState.CREATE hookState=HookState.POST
[90m2026-02-17T00:18:50.247Z[39m [32mDEBUG[39m [97m@wdio/browserstack-service[39m getTrackedInstance: 29292:0
[90m2026-02-17T00:18:50.247Z[39m [96mINFO[39m [97m@wdio/browserstack-service[39m trackWebdriverIOInstance: instance already exists
[90m2026-02-17T00:18:50.247Z[39m [32mDEBUG[39m [97m@wdio/browserstack-service[39m getTrackedInstance: 29292:0
[90m2026-02-17T00:18:50.247Z[39m [96mINFO[39m [97m@wdio/browserstack-service[39m runHooks: automationFrameworkState=AutomationFrameworkState.CREATE hookState=HookState.POST
[90m2026-02-17T00:18:50.247Z[39m [32mDEBUG[39m [97m@wdio/browserstack-service[39m onDriverCreated: Called
[90m2026-02-17T00:18:50.247Z[39m [32mDEBUG[39m [97m@wdio/browserstack-service[39m onDriverCreated: Driver session ID: 42915cf02c37041c29303932cce4bf5ad558a90e
[90m2026-02-17T00:18:50.247Z[39m [32mDEBUG[39m [97m@wdio/browserstack-service[39m onDriverCreated: Driver capabilities: {"platform":"LINUX","webStorageEnabled":false,"takesScreenshot":true,"javascriptEnabled":true,"databaseEnabled":false,"networkConnectionEnabled":true,"locationContextEnabled":false,"warnings":{},"desired":{"platformName":"Android","bstack:options":{"hostName":"MacBook-Pro-8.local","buildIdentifier":"1"},"goog:chromeOptions":{},"newCommandTimeout":0,"deviceName":"google pixel 5","chromedriverPorts":[[18144,18154]],"automationName":"uiautomator2","systemPort":8204,"autoGrantPermissions":true,"bundleID":"com.socialnmobile.dictapps.notepad.color.note","bundleId":"com.socialnmobile.dictapps.notepad.color.note","skipServerInstallation":true,"udid":"0A201FDD4005GX","appPackage":"com.socialnmobile.dictapps.notepad.color.note","appActivity":"com.socialnmobile.colornote.activity.Main","nativeWebScreenshot":true,"disableSuppressAccessibilityService":true},"platformName":"Android","bstack:options":{"hostName":"MacBook-Pro-8.local","buildIdentifier":"1"},"goog:chromeOptions":{},"newCommandTimeout":0,"deviceName":"0A201FDD4005GX","chromedriverPorts":[[18144,18154]],"automationName":"uiautomator2","systemPort":8204,"autoGrantPermissions":true,"bundleID":"com.socialnmobile.dictapps.notepad.color.note","bundleId":"com.socialnmobile.dictapps.notepad.color.note","skipServerInstallation":true,"udid":"0A201FDD4005GX","appPackage":"com.socialnmobile.dictapps.notepad.color.note","appActivity":"com.socialnmobile.colornote.activity.Main","nativeWebScreenshot":true,"disableSuppressAccessibilityService":true,"deviceUDID":"0A201FDD4005GX","deviceApiLevel":30,"platformVersion":"11","deviceScreenSize":"1080x2340","deviceScreenDensity":440,"deviceModel":"Pixel 5","deviceManufacturer":"Google","pixelRatio":2.75,"statBarHeight":145,"viewportRect":{"left":0,"top":145,"width":1080,"height":2015}}
[90m2026-02-17T00:18:50.247Z[39m [32mDEBUG[39m [97m@wdio/browserstack-service[39m onDriverCreated: Is BrowserStack hub: true
[90m2026-02-17T00:18:50.248Z[39m [96mINFO[39m [97m@wdio/browserstack-service[39m onDriverCreated: Successfully processed driver creation for session: 42915cf02c37041c29303932cce4bf5ad558a90e
[90m2026-02-17T00:18:50.248Z[39m [96mINFO[39m [97m@wdio/browserstack-service[39m onBeforeTest: Observability sync done
[90m2026-02-17T00:18:50.260Z[39m [32mDEBUG[39m [97m@wdio/browserstack-service[39m Timestamp conversion for sdk:hook: 28694.685168 -> 1771287530259.302 (timeOrigin: 1771287501564.617)
[90m2026-02-17T00:18:50.262Z[39m [96mINFO[39m [97m@wdio/browserstack-service[39m trackEvent: testFrameworkState=TestFrameworkState.INIT_TEST hookState=HookState.PRE
[90m2026-02-17T00:18:50.262Z[39m [96mINFO[39m [97m@wdio/browserstack-service[39m trackEvent: testFrameworkState=TestFrameworkState.INIT_TEST; hookState=HookState.PRE; args=[object Object]
[90m2026-02-17T00:18:50.262Z[39m [96mINFO[39m [97m@wdio/browserstack-service[39m resolveInstance: resolving instance for testFrameworkState=TestFrameworkState.INIT_TEST hookState=HookState.PRE
[90m2026-02-17T00:18:50.263Z[39m [96mINFO[39m [97m@wdio/browserstack-service[39m trackWdioMochaInstance: created instance for target=29292:0, state=TestFrameworkState.INIT_TEST, args=[object Object]
[90m2026-02-17T00:18:50.333Z[39m [96mINFO[39m [97m@wdio/browserstack-service[39m trackWdioMochaInstance: saved instance contextId=3e7525ceb4837ac217ab7cb5bb300ca4eef6de9c0d8f93e8d8e0519c7289accc target=29292:0
[90m2026-02-17T00:18:50.334Z[39m [96mINFO[39m [97m@wdio/browserstack-service[39m Hook Started in PRE key = TestFrameworkState.INIT_TEST & hook = {"key":"TestFrameworkState.INIT_TEST","hook_id":"","hook_result":"pending","event_started_at":"2026-02-17T00:18:50.334Z","hook_logs":[],"hook_name":"Skip tutorial","test_location":"test/specs/android/add-note-screen.spec.js"}
[90m2026-02-17T00:18:50.334Z[39m [96mINFO[39m [97m@wdio/browserstack-service[39m trackHookEvents: hook state=TestFrameworkState.INIT_TEST.HookState.PRE, hooks started={}, hooks finished={}
[90m2026-02-17T00:18:50.334Z[39m [32mDEBUG[39m [97m@wdio/browserstack-service[39m trackEvent: tracked instance data={"test_framework_name":"WebdriverIO-mocha","test_framework_version":"9.23.3","test_logs":[],"test_hooks_finished":{},"test_hooks_started":{},"test_uuid":"63b4dad9-d95e-4a6e-a0f6-3e942aadfae7","test_result":"pending","test_hook_last_started":"TestFrameworkState.INIT_TEST"}
[90m2026-02-17T00:18:50.334Z[39m [96mINFO[39m [97m@wdio/browserstack-service[39m runHooks: instance=[object Object] automationFrameworkState=TestFrameworkState.INIT_TEST hookState=HookState.PRE
[90m2026-02-17T00:18:50.334Z[39m [32mDEBUG[39m [97m@wdio/browserstack-service[39m onAllTestEvents: Called after all test events from cli configured module!!!
[90m2026-02-17T00:18:50.335Z[39m [96mINFO[39m [97m@wdio/browserstack-service[39m trackEvent: testFrameworkState=TestFrameworkState.TEST hookState=HookState.PRE
[90m2026-02-17T00:18:50.335Z[39m [96mINFO[39m [97m@wdio/browserstack-service[39m trackEvent: testFrameworkState=TestFrameworkState.TEST; hookState=HookState.PRE; args=[object Object]
[90m2026-02-17T00:18:50.335Z[39m [96mINFO[39m [97m@wdio/browserstack-service[39m resolveInstance: resolving instance for testFrameworkState=TestFrameworkState.TEST hookState=HookState.PRE
[90m2026-02-17T00:18:50.335Z[39m [96mINFO[39m [97m@wdio/browserstack-service[39m trackEvent: instanceData={"test_framework_name":"WebdriverIO-mocha","test_framework_version":"9.23.3","test_logs":[],"test_hooks_finished":{},"test_hooks_started":{},"test_uuid":"63b4dad9-d95e-4a6e-a0f6-3e942aadfae7","test_result":"pending","test_hook_last_started":"TestFrameworkState.INIT_TEST"}
[90m2026-02-17T00:18:50.335Z[39m [96mINFO[39m [97m@wdio/browserstack-service[39m Hook Started in PRE key = TestFrameworkState.TEST & hook = {"key":"TestFrameworkState.TEST","hook_id":"","hook_result":"pending","event_started_at":"2026-02-17T00:18:50.335Z","hook_logs":[],"hook_name":"Skip tutorial","test_location":"test/specs/android/add-note-screen.spec.js"}
[90m2026-02-17T00:18:50.336Z[39m [96mINFO[39m [97m@wdio/browserstack-service[39m trackHookEvents: hook state=TestFrameworkState.TEST.HookState.PRE, hooks started={}, hooks finished={}
[90m2026-02-17T00:18:50.336Z[39m [32mDEBUG[39m [97m@wdio/browserstack-service[39m trackEvent: tracked instance data={"test_framework_name":"WebdriverIO-mocha","test_framework_version":"9.23.3","test_logs":[],"test_hooks_finished":{},"test_hooks_started":{},"test_uuid":"63b4dad9-d95e-4a6e-a0f6-3e942aadfae7","test_result":"pending","test_hook_last_started":"TestFrameworkState.TEST","test_id":"Add Notes - Skip tutorial","test_name":"Skip tutorial","test_code":"async () => {\n        // await $('//*[@text=\"SKIP\"]').click()\n        await addNoteScreen.skipBtn.click();\n        await expect(addNoteScreen.addNoteBtn).toBeDisplayed()\n    }","test_location":"test/specs/android/add-note-screen.spec.js","test_scope":"Add Notes - Skip tutorial","test_scopes":["Add Notes"],"test_started_at":"2026-02-17T00:18:50.335Z"}
[90m2026-02-17T00:18:50.336Z[39m [96mINFO[39m [97m@wdio/browserstack-service[39m runHooks: instance=[object Object] automationFrameworkState=TestFrameworkState.TEST hookState=HookState.PRE
[90m2026-02-17T00:18:50.336Z[39m [96mINFO[39m [97m@wdio/browserstack-service[39m onbeforeTest: inside automate module before test hook!
[90m2026-02-17T00:18:50.336Z[39m [32mDEBUG[39m [97m@wdio/browserstack-service[39m getTrackedInstance: 29292:0
[90m2026-02-17T00:18:50.336Z[39m [32mDEBUG[39m [97m@wdio/browserstack-service[39m onBeforeTest: Called after test hook from cli configured module!!!
[90m2026-02-17T00:18:50.336Z[39m [32mDEBUG[39m [97m@wdio/browserstack-service[39m getTrackedInstance: 29292:0
[90m2026-02-17T00:18:50.336Z[39m [32mDEBUG[39m [97m@wdio/browserstack-service[39m sendTestSessionEvent: Called
[90m2026-02-17T00:18:50.336Z[39m [32mDEBUG[39m [97m@wdio/browserstack-service[39m sendTestSessionEvent: setup
[90m2026-02-17T00:18:50.336Z[39m [32mDEBUG[39m [97m@wdio/browserstack-service[39m sendTestSessionEvent: instance iteration [{"frameworkName":"WebdriverIO","frameworkVersion":{"WebdriverIO":"9.23.3"},"state":{"value":1}}]
[90m2026-02-17T00:18:50.337Z[39m [32mDEBUG[39m [97m@wdio/browserstack-service[39m sendTestSessionEvent: automationSession: {"provider":"browserstack","ref":"3e7525ceb4837ac217ab7cb5bb300ca4eef6de9c0d8f93e8d8e0519c7289accc","hubUrl":"https://hub-usw.browserstack.com/wd/hub","frameworkSessionId":"42915cf02c37041c29303932cce4bf5ad558a90e","frameworkName":"WebdriverIO","frameworkVersion":{"WebdriverIO":"9.23.3"}}
[90m2026-02-17T00:18:50.337Z[39m [32mDEBUG[39m [97m@wdio/browserstack-service[39m sendTestSessionEvent payload: {"testFrameworkName":"WebdriverIO-mocha","testFrameworkVersion":"9.23.3","testFrameworkState":"TEST","testHookState":"PRE","testUuid":"63b4dad9-d95e-4a6e-a0f6-3e942aadfae7","executionContext":{"threadId":"0","processId":"29292"},"automationSessions":[{"provider":"browserstack","ref":"3e7525ceb4837ac217ab7cb5bb300ca4eef6de9c0d8f93e8d8e0519c7289accc","hubUrl":"https://hub-usw.browserstack.com/wd/hub","frameworkSessionId":"42915cf02c37041c29303932cce4bf5ad558a90e","frameworkName":"WebdriverIO","frameworkVersion":{"WebdriverIO":"9.23.3"}}],"platformIndex":0,"capabilities":{"0":123,"1":34,"2":112,"3":108,"4":97,"5":116,"6":102,"7":111,"8":114,"9":109,"10":34,"11":58,"12":34,"13":76,"14":73,"15":78,"16":85,"17":88,"18":34,"19":44,"20":34,"21":119,"22":101,"23":98,"24":83,"25":116,"26":111,"27":114,"28":97,"29":103,"30":101,"31":69,"32":110,"33":97,"34":98,"35":108,"36":101,"37":100,"38":34,"39":58,"40":102,"41":97,"42":108,"43":115,"44":101,"45":44,"46":34,"47":116,"48":97,"49":107,"50":101,"51":115,"52":83,"53":99,"54":114,"55":101,"56":101,"57":110,"58":115,"59":104,"60":111,"61":116,"62":34,"63":58,"64":116,"65":114,"66":117,"67":101,"68":44,"69":34,"70":106,"71":97,"72":118,"73":97,"74":115,"75":99,"76":114,"77":105,"78":112,"79":116,"80":69,"81":110,"82":97,"83":98,"84":108,"85":101,"86":100,"87":34,"88":58,"89":116,"90":114,"91":117,"92":101,"93":44,"94":34,"95":100,"96":97,"97":116,"98":97,"99":98,"100":97,"101":115,"102":101,"103":69,"104":110,"105":97,"106":98,"107":108,"108":101,"109":100,"110":34,"111":58,"112":102,"113":97,"114":108,"115":115,"116":101,"117":44,"118":34,"119":110,"120":101,"121":116,"122":119,"123":111,"124":114,"125":107,"126":67,"127":111,"128":110,"129":110,"130":101,"131":99,"132":116,"133":105,"134":111,"135":110,"136":69,"137":110,"138":97,"139":98,"140":108,"141":101,"142":100,"143":34,"144":58,"145":116,"146":114,"147":117,"148":101,"149":44,"150":34,"151":108,"152":111,"153":99,"154":97,"155":116,"156":105,"157":111,"158":110,"159":67,"160":111,"161":110,"162":116,"163":101,"164":120,"165":116,"166":69,"167":110,"168":97,"169":98,"170":108,"171":101,"172":100,"173":34,"174":58,"175":102,"176":97,"177":108,"178":115,"179":101,"180":44,"181":34,"182":119,"183":97,"184":114,"185":110,"186":105,"187":110,"188":103,"189":115,"190":34,"191":58,"192":123,"193":125,"194":44,"195":34,"196":100,"197":101,"198":115,"199":105,"200":114,"201":101,"202":100,"203":34,"204":58,"205":123,"206":34,"207":112,"208":108,"209":97,"210":116,"211":102,"212":111,"213":114,"214":109,"215":78,"216":97,"217":109,"218":101,"219":34,"220":58,"221":34,"222":65,"223":110,"224":100,"225":114,"226":111,"227":105,"228":100,"229":34,"230":44,"231":34,"232":98,"233":115,"234":116,"235":97,"236":99,"237":107,"238":58,"239":111,"240":112,"241":116,"242":105,"243":111,"244":110,"245":115,"246":34,"247":58,"248":123,"249":34,"250":104,"251":111,"252":115,"253":116,"254":78,"255":97,"256":109,"257":101,"258":34,"259":58,"260":34,"261":77,"262":97,"263":99,"264":66,"265":111,"266":111,"267":107,"268":45,"269":80,"270":114,"271":111,"272":45,"273":56,"274":46,"275":108,"276":111,"277":99,"278":97,"279":108,"280":34,"281":44,"282":34,"283":98,"284":117,"285":105,"286":108,"287":100,"288":73,"289":100,"290":101,"291":110,"292":116,"293":105,"294":102,"295":105,"296":101,"297":114,"298":34,"299":58,"300":34,"301":49,"302":34,"303":125,"304":44,"305":34,"306":103,"307":111,"308":111,"309":103,"310":58,"311":99,"312":104,"313":114,"314":111,"315":109,"316":101,"317":79,"318":112,"319":116,"320":105,"321":111,"322":110,"323":115,"324":34,"325":58,"326":123,"327":125,"328":44,"329":34,"330":110,"331":101,"332":119,"333":67,"334":111,"335":109,"336":109,"337":97,"338":110,"339":100,"340":84,"341":105,"342":109,"343":101,"344":111,"345":117,"346":116,"347":34,"348":58,"349":48,"350":44,"351":34,"352":100,"353":101,"354":118,"355":105,"356":99,"357":101,"358":78,"359":97,"360":109,"361":101,"362":34,"363":58,"364":34,"365":103,"366":111,"367":111,"368":103,"369":108,"370":101,"371":32,"372":112,"373":105,"374":120,"375":101,"376":108,"377":32,"378":53,"379":34,"380":44,"381":34,"382":99,"383":104,"384":114,"385":111,"386":109,"387":101,"388":100,"389":114,"390":105,"391":118,"392":101,"393":114,"394":80,"395":111,"396":114,"397":116,"398":115,"399":34,"400":58,"401":91,"402":91,"403":49,"404":56,"405":49,"406":52,"407":52,"408":44,"409":49,"410":56,"411":49,"412":53,"413":52,"414":93,"415":93,"416":44,"417":34,"418":97,"419":117,"420":116,"421":111,"422":109,"423":97,"424":116,"425":105,"426":111,"427":110,"428":78,"429":97,"430":109,"431":101,"432":34,"433":58,"434":34,"435":117,"436":105,"437":97,"438":117,"439":116,"440":111,"441":109,"442":97,"443":116,"444":111,"445":114,"446":50,"447":34,"448":44,"449":34,"450":115,"451":121,"452":115,"453":116,"454":101,"455":109,"456":80,"457":111,"458":114,"459":116,"460":34,"461":58,"462":56,"463":50,"464":48,"465":52,"466":44,"467":34,"468":97,"469":117,"470":116,"471":111,"472":71,"473":114,"474":97,"475":110,"476":116,"477":80,"478":101,"479":114,"480":109,"481":105,"482":115,"483":115,"484":105,"485":111,"486":110,"487":115,"488":34,"489":58,"490":116,"491":114,"492":117,"493":101,"494":44,"495":34,"496":98,"497":117,"498":110,"499":100,"500":108,"501":101,"502":73,"503":68,"504":34,"505":58,"506":34,"507":99,"508":111,"509":109,"510":46,"511":115,"512":111,"513":99,"514":105,"515":97,"516":108,"517":110,"518":109,"519":111,"520":98,"521":105,"522":108,"523":101,"524":46,"525":100,"526":105,"527":99,"528":116,"529":97,"530":112,"531":112,"532":115,"533":46,"534":110,"535":111,"536":116,"537":101,"538":112,"539":97,"540":100,"541":46,"542":99,"543":111,"544":108,"545":111,"546":114,"547":46,"548":110,"549":111,"550":116,"551":101,"552":34,"553":44,"554":34,"555":98,"556":117,"557":110,"558":100,"559":108,"560":101,"561":73,"562":100,"563":34,"564":58,"565":34,"566":99,"567":111,"568":109,"569":46,"570":115,"571":111,"572":99,"573":105,"574":97,"575":108,"576":110,"577":109,"578":111,"579":98,"580":105,"581":108,"582":101,"583":46,"584":100,"585":105,"586":99,"587":116,"588":97,"589":112,"590":112,"591":115,"592":46,"593":110,"594":111,"595":116,"596":101,"597":112,"598":97,"599":100,"600":46,"601":99,"602":111,"603":108,"604":111,"605":114,"606":46,"607":110,"608":111,"609":116,"610":101,"611":34,"612":44,"613":34,"614":115,"615":107,"616":105,"617":112,"618":83,"619":101,"620":114,"621":118,"622":101,"623":114,"624":73,"625":110,"626":115,"627":116,"628":97,"629":108,"630":108,"631":97,"632":116,"633":105,"634":111,"635":110,"636":34,"637":58,"638":116,"639":114,"640":117,"641":101,"642":44,"643":34,"644":117,"645":100,"646":105,"647":100,"648":34,"649":58,"650":34,"651":48,"652":65,"653":50,"654":48,"655":49,"656":70,"657":68,"658":68,"659":52,"660":48,"661":48,"662":53,"663":71,"664":88,"665":34,"666":44,"667":34,"668":97,"669":112,"670":112,"671":80,"672":97,"673":99,"674":107,"675":97,"676":103,"677":101,"678":34,"679":58,"680":34,"681":99,"682":111,"683":109,"684":46,"685":115,"686":111,"687":99,"688":105,"689":97,"690":108,"691":110,"692":109,"693":111,"694":98,"695":105,"696":108,"697":101,"698":46,"699":100,"700":105,"701":99,"702":116,"703":97,"704":112,"705":112,"706":115,"707":46,"708":110,"709":111,"710":116,"711":101,"712":112,"713":97,"714":100,"715":46,"716":99,"717":111,"718":108,"719":111,"720":114,"721":46,"722":110,"723":111,"724":116,"725":101,"726":34,"727":44,"728":34,"729":97,"730":112,"731":112,"732":65,"733":99,"734":116,"735":105,"736":118,"737":105,"738":116,"739":121,"740":34,"741":58,"742":34,"743":99,"744":111,"745":109,"746":46,"747":115,"748":111,"749":99,"750":105,"751":97,"752":108,"753":110,"754":109,"755":111,"756":98,"757":105,"758":108,"759":101,"760":46,"761":99,"762":111,"763":108,"764":111,"765":114,"766":110,"767":111,"768":116,"769":101,"770":46,"771":97,"772":99,"773":116,"774":105,"775":118,"776":105,"777":116,"778":121,"779":46,"780":77,"781":97,"782":105,"783":110,"784":34,"785":44,"786":34,"787":110,"788":97,"789":116,"790":105,"791":118,"792":101,"793":87,"794":101,"795":98,"796":83,"797":99,"798":114,"799":101,"800":101,"801":110,"802":115,"803":104,"804":111,"805":116,"806":34,"807":58,"808":116,"809":114,"810":117,"811":101,"812":44,"813":34,"814":100,"815":105,"816":115,"817":97,"818":98,"819":108,"820":101,"821":83,"822":117,"823":112,"824":112,"825":114,"826":101,"827":115,"828":115,"829":65,"830":99,"831":99,"832":101,"833":115,"834":115,"835":105,"836":98,"837":105,"838":108,"839":105,"840":116,"841":121,"842":83,"843":101,"844":114,"845":118,"846":105,"847":99,"848":101,"849":34,"850":58,"851":116,"852":114,"853":117,"854":101,"855":125,"856":44,"857":34,"858":112,"859":108,"860":97,"861":116,"862":102,"863":111,"864":114,"865":109,"866":78,"867":97,"868":109,"869":101,"870":34,"871":58,"872":34,"873":65,"874":110,"875":100,"876":114,"877":111,"878":105,"879":100,"880":34,"881":44,"882":34,"883":98,"884":115,"885":116,"886":97,"887":99,"888":107,"889":58,"890":111,"891":112,"892":116,"893":105,"894":111,"895":110,"896":115,"897":34,"898":58,"899":123,"900":34,"901":104,"902":111,"903":115,"904":116,"905":78,"906":97,"907":109,"908":101,"909":34,"910":58,"911":34,"912":77,"913":97,"914":99,"915":66,"916":111,"917":111,"918":107,"919":45,"920":80,"921":114,"922":111,"923":45,"924":56,"925":46,"926":108,"927":111,"928":99,"929":97,"930":108,"931":34,"932":44,"933":34,"934":98,"935":117,"936":105,"937":108,"938":100,"939":73,"940":100,"941":101,"942":110,"943":116,"944":105,"945":102,"946":105,"947":101,"948":114,"949":34,"950":58,"951":34,"952":49,"953":34,"954":125,"955":44,"956":34,"957":103,"958":111,"959":111,"960":103,"961":58,"962":99,"963":104,"964":114,"965":111,"966":109,"967":101,"968":79,"969":112,"970":116,"971":105,"972":111,"973":110,"974":115,"975":34,"976":58,"977":123,"978":125,"979":44,"980":34,"981":110,"982":101,"983":119,"984":67,"985":111,"986":109,"987":109,"988":97,"989":110,"990":100,"991":84,"992":105,"993":109,"994":101,"995":111,"996":117,"997":116,"998":34,"999":58,"1000":48,"1001":44,"1002":34,"1003":100,"1004":101,"1005":118,"1006":105,"1007":99,"1008":101,"1009":78,"1010":97,"1011":109,"1012":101,"1013":34,"1014":58,"1015":34,"1016":48,"1017":65,"1018":50,"1019":48,"1020":49,"1021":70,"1022":68,"1023":68,"1024":52,"1025":48,"1026":48,"1027":53,"1028":71,"1029":88,"1030":34,"1031":44,"1032":34,"1033":99,"1034":104,"1035":114,"1036":111,"1037":109,"1038":101,"1039":100,"1040":114,"1041":105,"1042":118,"1043":101,"1044":114,"1045":80,"1046":111,"1047":114,"1048":116,"1049":115,"1050":34,"1051":58,"1052":91,"1053":91,"1054":49,"1055":56,"1056":49,"1057":52,"1058":52,"1059":44,"1060":49,"1061":56,"1062":49,"1063":53,"1064":52,"1065":93,"1066":93,"1067":44,"1068":34,"1069":97,"1070":117,"1071":116,"1072":111,"1073":109,"1074":97,"1075":116,"1076":105,"1077":111,"1078":110,"1079":78,"1080":97,"1081":109,"1082":101,"1083":34,"1084":58,"1085":34,"1086":117,"1087":105,"1088":97,"1089":117,"1090":116,"1091":111,"1092":109,"1093":97,"1094":116,"1095":111,"1096":114,"1097":50,"1098":34,"1099":44,"1100":34,"1101":115,"1102":121,"1103":115,"1104":116,"1105":101,"1106":109,"1107":80,"1108":111,"1109":114,"1110":116,"1111":34,"1112":58,"1113":56,"1114":50,"1115":48,"1116":52,"1117":44,"1118":34,"1119":97,"1120":117,"1121":116,"1122":111,"1123":71,"1124":114,"1125":97,"1126":110,"1127":116,"1128":80,"1129":101,"1130":114,"1131":109,"1132":105,"1133":115,"1134":115,"1135":105,"1136":111,"1137":110,"1138":115,"1139":34,"1140":58,"1141":116,"1142":114,"1143":117,"1144":101,"1145":44,"1146":34,"1147":98,"1148":117,"1149":110,"1150":100,"1151":108,"1152":101,"1153":73,"1154":68,"1155":34,"1156":58,"1157":34,"1158":99,"1159":111,"1160":109,"1161":46,"1162":115,"1163":111,"1164":99,"1165":105,"1166":97,"1167":108,"1168":110,"1169":109,"1170":111,"1171":98,"1172":105,"1173":108,"1174":101,"1175":46,"1176":100,"1177":105,"1178":99,"1179":116,"1180":97,"1181":112,"1182":112,"1183":115,"1184":46,"1185":110,"1186":111,"1187":116,"1188":101,"1189":112,"1190":97,"1191":100,"1192":46,"1193":99,"1194":111,"1195":108,"1196":111,"1197":114,"1198":46,"1199":110,"1200":111,"1201":116,"1202":101,"1203":34,"1204":44,"1205":34,"1206":98,"1207":117,"1208":110,"1209":100,"1210":108,"1211":101,"1212":73,"1213":100,"1214":34,"1215":58,"1216":34,"1217":99,"1218":111,"1219":109,"1220":46,"1221":115,"1222":111,"1223":99,"1224":105,"1225":97,"1226":108,"1227":110,"1228":109,"1229":111,"1230":98,"1231":105,"1232":108,"1233":101,"1234":46,"1235":100,"1236":105,"1237":99,"1238":116,"1239":97,"1240":112,"1241":112,"1242":115,"1243":46,"1244":110,"1245":111,"1246":116,"1247":101,"1248":112,"1249":97,"1250":100,"1251":46,"1252":99,"1253":111,"1254":108,"1255":111,"1256":114,"1257":46,"1258":110,"1259":111,"1260":116,"1261":101,"1262":34,"1263":44,"1264":34,"1265":115,"1266":107,"1267":105,"1268":112,"1269":83,"1270":101,"1271":114,"1272":118,"1273":101,"1274":114,"1275":73,"1276":110,"1277":115,"1278":116,"1279":97,"1280":108,"1281":108,"1282":97,"1283":116,"1284":105,"1285":111,"1286":110,"1287":34,"1288":58,"1289":116,"1290":114,"1291":117,"1292":101,"1293":44,"1294":34,"1295":117,"1296":100,"1297":105,"1298":100,"1299":34,"1300":58,"1301":34,"1302":48,"1303":65,"1304":50,"1305":48,"1306":49,"1307":70,"1308":68,"1309":68,"1310":52,"1311":48,"1312":48,"1313":53,"1314":71,"1315":88,"1316":34,"1317":44,"1318":34,"1319":97,"1320":112,"1321":112,"1322":80,"1323":97,"1324":99,"1325":107,"1326":97,"1327":103,"1328":101,"1329":34,"1330":58,"1331":34,"1332":99,"1333":111,"1334":109,"1335":46,"1336":115,"1337":111,"1338":99,"1339":105,"1340":97,"1341":108,"1342":110,"1343":109,"1344":111,"1345":98,"1346":105,"1347":108,"1348":101,"1349":46,"1350":100,"1351":105,"1352":99,"1353":116,"1354":97,"1355":112,"1356":112,"1357":115,"1358":46,"1359":110,"1360":111,"1361":116,"1362":101,"1363":112,"1364":97,"1365":100,"1366":46,"1367":99,"1368":111,"1369":108,"1370":111,"1371":114,"1372":46,"1373":110,"1374":111,"1375":116,"1376":101,"1377":34,"1378":44,"1379":34,"1380":97,"1381":112,"1382":112,"1383":65,"1384":99,"1385":116,"1386":105,"1387":118,"1388":105,"1389":116,"1390":121,"1391":34,"1392":58,"1393":34,"1394":99,"1395":111,"1396":109,"1397":46,"1398":115,"1399":111,"1400":99,"1401":105,"1402":97,"1403":108,"1404":110,"1405":109,"1406":111,"1407":98,"1408":105,"1409":108,"1410":101,"1411":46,"1412":99,"1413":111,"1414":108,"1415":111,"1416":114,"1417":110,"1418":111,"1419":116,"1420":101,"1421":46,"1422":97,"1423":99,"1424":116,"1425":105,"1426":118,"1427":105,"1428":116,"1429":121,"1430":46,"1431":77,"1432":97,"1433":105,"1434":110,"1435":34,"1436":44,"1437":34,"1438":110,"1439":97,"1440":116,"1441":105,"1442":118,"1443":101,"1444":87,"1445":101,"1446":98,"1447":83,"1448":99,"1449":114,"1450":101,"1451":101,"1452":110,"1453":115,"1454":104,"1455":111,"1456":116,"1457":34,"1458":58,"1459":116,"1460":114,"1461":117,"1462":101,"1463":44,"1464":34,"1465":100,"1466":105,"1467":115,"1468":97,"1469":98,"1470":108,"1471":101,"1472":83,"1473":117,"1474":112,"1475":112,"1476":114,"1477":101,"1478":115,"1479":115,"1480":65,"1481":99,"1482":99,"1483":101,"1484":115,"1485":115,"1486":105,"1487":98,"1488":105,"1489":108,"1490":105,"1491":116,"1492":121,"1493":83,"1494":101,"1495":114,"1496":118,"1497":105,"1498":99,"1499":101,"1500":34,"1501":58,"1502":116,"1503":114,"1504":117,"1505":101,"1506":44,"1507":34,"1508":100,"1509":101,"1510":118,"1511":105,"1512":99,"1513":101,"1514":85,"1515":68,"1516":73,"1517":68,"1518":34,"1519":58,"1520":34,"1521":48,"1522":65,"1523":50,"1524":48,"1525":49,"1526":70,"1527":68,"1528":68,"1529":52,"1530":48,"1531":48,"1532":53,"1533":71,"1534":88,"1535":34,"1536":44,"1537":34,"1538":100,"1539":101,"1540":118,"1541":105,"1542":99,"1543":101,"1544":65,"1545":112,"1546":105,"1547":76,"1548":101,"1549":118,"1550":101,"1551":108,"1552":34,"1553":58,"1554":51,"1555":48,"1556":44,"1557":34,"1558":112,"1559":108,"1560":97,"1561":116,"1562":102,"1563":111,"1564":114,"1565":109,"1566":86,"1567":101,"1568":114,"1569":115,"1570":105,"1571":111,"1572":110,"1573":34,"1574":58,"1575":34,"1576":49,"1577":49,"1578":34,"1579":44,"1580":34,"1581":100,"1582":101,"1583":118,"1584":105,"1585":99,"1586":101,"1587":83,"1588":99,"1589":114,"1590":101,"1591":101,"1592":110,"1593":83,"1594":105,"1595":122,"1596":101,"1597":34,"1598":58,"1599":34,"1600":49,"1601":48,"1602":56,"1603":48,"1604":120,"1605":50,"1606":51,"1607":52,"1608":48,"1609":34,"1610":44,"1611":34,"1612":100,"1613":101,"1614":118,"1615":105,"1616":99,"1617":101,"1618":83,"1619":99,"1620":114,"1621":101,"1622":101,"1623":110,"1624":68,"1625":101,"1626":110,"1627":115,"1628":105,"1629":116,"1630":121,"1631":34,"1632":58,"1633":52,"1634":52,"1635":48,"1636":44,"1637":34,"1638":100,"1639":101,"1640":118,"1641":105,"1642":99,"1643":101,"1644":77,"1645":111,"1646":100,"1647":101,"1648":108,"1649":34,"1650":58,"1651":34,"1652":80,"1653":105,"1654":120,"1655":101,"1656":108,"1657":32,"1658":53,"1659":34,"1660":44,"1661":34,"1662":100,"1663":101,"1664":118,"1665":105,"1666":99,"1667":101,"1668":77,"1669":97,"1670":110,"1671":117,"1672":102,"1673":97,"1674":99,"1675":116,"1676":117,"1677":114,"1678":101,"1679":114,"1680":34,"1681":58,"1682":34,"1683":71,"1684":111,"1685":111,"1686":103,"1687":108,"1688":101,"1689":34,"1690":44,"1691":34,"1692":112,"1693":105,"1694":120,"1695":101,"1696":108,"1697":82,"1698":97,"1699":116,"1700":105,"1701":111,"1702":34,"1703":58,"1704":50,"1705":46,"1706":55,"1707":53,"1708":44,"1709":34,"1710":115,"1711":116,"1712":97,"1713":116,"1714":66,"1715":97,"1716":114,"1717":72,"1718":101,"1719":105,"1720":103,"1721":104,"1722":116,"1723":34,"1724":58,"1725":49,"1726":52,"1727":53,"1728":44,"1729":34,"1730":118,"1731":105,"1732":101,"1733":119,"1734":112,"1735":111,"1736":114,"1737":116,"1738":82,"1739":101,"1740":99,"1741":116,"1742":34,"1743":58,"1744":123,"1745":34,"1746":108,"1747":101,"1748":102,"1749":116,"1750":34,"1751":58,"1752":48,"1753":44,"1754":34,"1755":116,"1756":111,"1757":112,"1758":34,"1759":58,"1760":49,"1761":52,"1762":53,"1763":44,"1764":34,"1765":119,"1766":105,"1767":100,"1768":116,"1769":104,"1770":34,"1771":58,"1772":49,"1773":48,"1774":56,"1775":48,"1776":44,"1777":34,"1778":104,"1779":101,"1780":105,"1781":103,"1782":104,"1783":116,"1784":34,"1785":58,"1786":50,"1787":48,"1788":49,"1789":53,"1790":125,"1791":125}}
[90m2026-02-17T00:18:50.337Z[39m [96mINFO[39m [97m@wdio/browserstack-service[39m Sending TestSessionEvent for worker: 0-29292
[90m2026-02-17T00:18:50.338Z[39m [32mDEBUG[39m [97m@wdio/browserstack-service[39m onAllTestEvents: Called after all test events from cli configured module!!!
[90m2026-02-17T00:18:50.338Z[39m [32mDEBUG[39m [97m@wdio/browserstack-service[39m sendTestFrameworkEvent for testState: TEST hookState: PRE
[90m2026-02-17T00:18:50.339Z[39m [32mDEBUG[39m [97m@wdio/browserstack-service[39m sendTestFrameworkEvent payload: {"platformIndex":0,"testFrameworkName":"WebdriverIO-mocha","testFrameworkVersion":"9.23.3","testFrameworkState":"TEST","testHookState":"PRE","startedAt":"2026-02-17T00:18:50.335Z","endedAt":"","uuid":"63b4dad9-d95e-4a6e-a0f6-3e942aadfae7","eventJson":{"type":"Buffer","data":[123,34,116,101,115,116,95,102,114,97,109,101,119,111,114,107,95,110,97,109,101,34,58,34,87,101,98,100,114,105,118,101,114,73,79,45,109,111,99,104,97,34,44,34,116,101,115,116,95,102,114,97,109,101,119,111,114,107,95,118,101,114,115,105,111,110,34,58,34,57,46,50,51,46,51,34,44,34,116,101,115,116,95,108,111,103,115,34,58,91,93,44,34,116,101,115,116,95,104,111,111,107,115,95,102,105,110,105,115,104,101,100,34,58,123,125,44,34,116,101,115,116,95,104,111,111,107,115,95,115,116,97,114,116,101,100,34,58,123,125,44,34,116,101,115,116,95,117,117,105,100,34,58,34,54,51,98,52,100,97,100,57,45,100,57,53,101,45,52,97,54,101,45,97,48,102,54,45,51,101,57,52,50,97,97,100,102,97,101,55,34,44,34,116,101,115,116,95,114,101,115,117,108,116,34,58,34,112,101,110,100,105,110,103,34,44,34,116,101,115,116,95,104,111,111,107,95,108,97,115,116,95,115,116,97,114,116,101,100,34,58,34,84,101,115,116,70,114,97,109,101,119,111,114,107,83,116,97,116,101,46,84,69,83,84,34,44,34,116,101,115,116,95,105,100,34,58,34,65,100,100,32,78,111,116,101,115,32,45,32,83,107,105,112,32,116,117,116,111,114,105,97,108,34,44,34,116,101,115,116,95,110,97,109,101,34,58,34,83,107,105,112,32,116,117,116,111,114,105,97,108,34,44,34,116,101,115,116,95,99,111,100,101,34,58,34,97,115,121,110,99,32,40,41,32,61,62,32,123,92,110,32,32,32,32,32,32,32,32,47,47,32,97,119,97,105,116,32,36,40,39,47,47,42,91,64,116,101,120,116,61,92,34,83,75,73,80,92,34,93,39,41,46,99,108,105,99,107,40,41,92,110,32,32,32,32,32,32,32,32,97,119,97,105,116,32,97,100,100,78,111,116,101,83,99,114,101,101,110,46,115,107,105,112,66,116,110,46,99,108,105,99,107,40,41,59,92,110,32,32,32,32,32,32,32,32,97,119,97,105,116,32,101,120,112,101,99,116,40,97,100,100,78,111,116,101,83,99,114,101,101,110,46,97,100,100,78,111,116,101,66,116,110,41,46,116,111,66,101,68,105,115,112,108,97,121,101,100,40,41,92,110,32,32,32,32,125,34,44,34,116,101,115,116,95,108,111,99,97,116,105,111,110,34,58,34,116,101,115,116,47,115,112,101,99,115,47,97,110,100,114,111,105,100,47,97,100,100,45,110,111,116,101,45,115,99,114,101,101,110,46,115,112,101,99,46,106,115,34,44,34,116,101,115,116,95,115,99,111,112,101,34,58,34,65,100,100,32,78,111,116,101,115,32,45,32,83,107,105,112,32,116,117,116,111,114,105,97,108,34,44,34,116,101,115,116,95,115,99,111,112,101,115,34,58,91,34,65,100,100,32,78,111,116,101,115,34,93,44,34,116,101,115,116,95,115,116,97,114,116,101,100,95,97,116,34,58,34,50,48,50,54,45,48,50,45,49,55,84,48,48,58,49,56,58,53,48,46,51,51,53,90,34,44,34,97,117,116,111,109,97,116,101,95,115,101,115,115,105,111,110,95,110,97,109,101,34,58,34,65,100,100,32,78,111,116,101,115,32,45,32,83,107,105,112,32,116,117,116,111,114,105,97,108,34,125]},"executionContext":{"hash":"3e7525ceb4837ac217ab7cb5bb300ca4eef6de9c0d8f93e8d8e0519c7289accc","threadId":"0","processId":"29292"}}
[90m2026-02-17T00:18:50.339Z[39m [96mINFO[39m [97m@wdio/browserstack-service[39m Sending TestFrameworkEvent for worker: 0-29292
[90m2026-02-17T00:18:50.347Z[39m [32mDEBUG[39m [97m@wdio/browserstack-service[39m Timestamp conversion for sdk:hook: 28697.66057 -> 1771287530262.2776 (timeOrigin: 1771287501564.617)
[90m2026-02-17T00:18:50.366Z[39m [96mINFO[39m [97m@wdio/browserstack-service[39m testSessionEvent successful for worker: 0-29292
[90m2026-02-17T00:18:50.368Z[39m [32mDEBUG[39m [97m@wdio/browserstack-service[39m Timestamp conversion for sdk:testSessionEvent: 28772.919426 -> 1771287530337.5364 (timeOrigin: 1771287501564.617)
[90m2026-02-17T00:18:50.366Z[39m [32mDEBUG[39m [97m@wdio/browserstack-service[39m sendTestSessionEvent complete for testState: TEST hookState: PRE
[90m2026-02-17T00:18:50.367Z[39m [96mINFO[39m [97m@wdio/browserstack-service[39m testFrameworkEvent successful for worker: 0-29292
[90m2026-02-17T00:18:50.367Z[39m [32mDEBUG[39m [97m@wdio/browserstack-service[39m sendTestFrameworkEvent complete for testState: TEST hookState: PRE
[90m2026-02-17T00:18:50.368Z[39m [32mDEBUG[39m [97m@wdio/browserstack-service[39m Timestamp conversion for sdk:testFrameworkEvent-1771287530339-anzkgp: 28774.765955 -> 1771287530339.3828 (timeOrigin: 1771287501564.617)
[90m2026-02-17T00:18:52.718Z[39m [96mINFO[39m [97m@wdio/browserstack-service[39m trackEvent: testFrameworkState=TestFrameworkState.LOG_REPORT hookState=HookState.POST
[90m2026-02-17T00:18:52.722Z[39m [32mDEBUG[39m [97m@wdio/browserstack-service[39m Timestamp conversion for sdk:hook: 31154.203793 -> 1771287532718.8208 (timeOrigin: 1771287501564.617)
[90m2026-02-17T00:18:52.719Z[39m [96mINFO[39m [97m@wdio/browserstack-service[39m trackEvent: testFrameworkState=TestFrameworkState.LOG_REPORT; hookState=HookState.POST; args=[object Object]
[90m2026-02-17T00:18:52.719Z[39m [96mINFO[39m [97m@wdio/browserstack-service[39m resolveInstance: resolving instance for testFrameworkState=TestFrameworkState.LOG_REPORT hookState=HookState.POST
[90m2026-02-17T00:18:52.719Z[39m [96mINFO[39m [97m@wdio/browserstack-service[39m trackEvent: load test results
[90m2026-02-17T00:18:52.719Z[39m [96mINFO[39m [97m@wdio/browserstack-service[39m Hook List in Post []
[90m2026-02-17T00:18:52.719Z[39m [96mINFO[39m [97m@wdio/browserstack-service[39m trackHookEvents: hook state=TestFrameworkState.LOG_REPORT.HookState.POST, hooks started={}, hooks finished={}
[90m2026-02-17T00:18:52.719Z[39m [32mDEBUG[39m [97m@wdio/browserstack-service[39m trackEvent: tracked instance data={"test_framework_name":"WebdriverIO-mocha","test_framework_version":"9.23.3","test_logs":[],"test_hooks_finished":{},"test_hooks_started":{},"test_uuid":"63b4dad9-d95e-4a6e-a0f6-3e942aadfae7","test_result":"passed","test_hook_last_started":"TestFrameworkState.TEST","test_id":"Add Notes - Skip tutorial","test_name":"Skip tutorial","test_code":"async () => {\n        // await $('//*[@text=\"SKIP\"]').click()\n        await addNoteScreen.skipBtn.click();\n        await expect(addNoteScreen.addNoteBtn).toBeDisplayed()\n    }","test_location":"test/specs/android/add-note-screen.spec.js","test_scope":"Add Notes - Skip tutorial","test_scopes":["Add Notes"],"test_started_at":"2026-02-17T00:18:50.335Z","automate_session_name":"Add Notes - Skip tutorial","test_failure":null,"test_failure_reason":null,"test_failure_type":null}
[90m2026-02-17T00:18:52.719Z[39m [96mINFO[39m [97m@wdio/browserstack-service[39m runHooks: instance=[object Object] automationFrameworkState=TestFrameworkState.LOG_REPORT hookState=HookState.POST
[90m2026-02-17T00:18:52.719Z[39m [32mDEBUG[39m [97m@wdio/browserstack-service[39m onAllTestEvents: Called after all test events from cli configured module!!!
[90m2026-02-17T00:18:52.719Z[39m [96mINFO[39m [97m@wdio/browserstack-service[39m trackEvent: testFrameworkState=TestFrameworkState.TEST hookState=HookState.POST
[90m2026-02-17T00:18:52.719Z[39m [96mINFO[39m [97m@wdio/browserstack-service[39m trackEvent: testFrameworkState=TestFrameworkState.TEST; hookState=HookState.POST; args=[object Object]
[90m2026-02-17T00:18:52.719Z[39m [96mINFO[39m [97m@wdio/browserstack-service[39m resolveInstance: resolving instance for testFrameworkState=TestFrameworkState.TEST hookState=HookState.POST
[90m2026-02-17T00:18:52.719Z[39m [96mINFO[39m [97m@wdio/browserstack-service[39m Hook List in Post [{"key":"TestFrameworkState.TEST","hook_id":"","hook_result":"pending","event_started_at":"2026-02-17T00:18:50.335Z","hook_logs":[],"hook_name":"Skip tutorial","test_location":"test/specs/android/add-note-screen.spec.js"}]
[90m2026-02-17T00:18:52.719Z[39m [96mINFO[39m [97m@wdio/browserstack-service[39m trackHookEvents: hook state=TestFrameworkState.TEST.HookState.POST, hooks started={}, hooks finished={}
[90m2026-02-17T00:18:52.720Z[39m [32mDEBUG[39m [97m@wdio/browserstack-service[39m trackEvent: tracked instance data={"test_framework_name":"WebdriverIO-mocha","test_framework_version":"9.23.3","test_logs":[],"test_hooks_finished":{},"test_hooks_started":{},"test_uuid":"63b4dad9-d95e-4a6e-a0f6-3e942aadfae7","test_result":"passed","test_hook_last_started":"TestFrameworkState.TEST","test_id":"Add Notes - Skip tutorial","test_name":"Skip tutorial","test_code":"async () => {\n        // await $('//*[@text=\"SKIP\"]').click()\n        await addNoteScreen.skipBtn.click();\n        await expect(addNoteScreen.addNoteBtn).toBeDisplayed()\n    }","test_location":"test/specs/android/add-note-screen.spec.js","test_scope":"Add Notes - Skip tutorial","test_scopes":["Add Notes"],"test_started_at":"2026-02-17T00:18:50.335Z","automate_session_name":"Add Notes - Skip tutorial","test_failure":null,"test_failure_reason":null,"test_failure_type":null,"test_ended_at":"2026-02-17T00:18:52.719Z","test_hook_last_finished":"TestFrameworkState.TEST"}
[90m2026-02-17T00:18:52.720Z[39m [96mINFO[39m [97m@wdio/browserstack-service[39m runHooks: instance=[object Object] automationFrameworkState=TestFrameworkState.TEST hookState=HookState.POST
[90m2026-02-17T00:18:52.720Z[39m [32mDEBUG[39m [97m@wdio/browserstack-service[39m onAfterTest: inside automate module after test hook!
[90m2026-02-17T00:18:52.720Z[39m [32mDEBUG[39m [97m@wdio/browserstack-service[39m getTrackedInstance: 29292:0
[90m2026-02-17T00:18:52.720Z[39m [32mDEBUG[39m [97m@wdio/browserstack-service[39m onAllTestEvents: Called after all test events from cli configured module!!!
[90m2026-02-17T00:18:52.720Z[39m [96mINFO[39m [97m@wdio/browserstack-service[39m onAllTestEvents: dropping due to lack of results
[90m2026-02-17T00:18:52.720Z[39m [32mDEBUG[39m [97m@wdio/browserstack-service[39m sendTestFrameworkEvent for testState: TEST hookState: POST
[90m2026-02-17T00:18:52.720Z[39m [32mDEBUG[39m [97m@wdio/browserstack-service[39m sendTestFrameworkEvent payload: {"platformIndex":0,"testFrameworkName":"WebdriverIO-mocha","testFrameworkVersion":"9.23.3","testFrameworkState":"TEST","testHookState":"POST","startedAt":"2026-02-17T00:18:50.335Z","endedAt":"2026-02-17T00:18:52.719Z","uuid":"63b4dad9-d95e-4a6e-a0f6-3e942aadfae7","eventJson":{"type":"Buffer","data":[123,34,116,101,115,116,95,102,114,97,109,101,119,111,114,107,95,110,97,109,101,34,58,34,87,101,98,100,114,105,118,101,114,73,79,45,109,111,99,104,97,34,44,34,116,101,115,116,95,102,114,97,109,101,119,111,114,107,95,118,101,114,115,105,111,110,34,58,34,57,46,50,51,46,51,34,44,34,116,101,115,116,95,108,111,103,115,34,58,91,93,44,34,116,101,115,116,95,104,111,111,107,115,95,102,105,110,105,115,104,101,100,34,58,123,125,44,34,116,101,115,116,95,104,111,111,107,115,95,115,116,97,114,116,101,100,34,58,123,125,44,34,116,101,115,116,95,117,117,105,100,34,58,34,54,51,98,52,100,97,100,57,45,100,57,53,101,45,52,97,54,101,45,97,48,102,54,45,51,101,57,52,50,97,97,100,102,97,101,55,34,44,34,116,101,115,116,95,114,101,115,117,108,116,34,58,34,112,97,115,115,101,100,34,44,34,116,101,115,116,95,104,111,111,107,95,108,97,115,116,95,115,116,97,114,116,101,100,34,58,34,84,101,115,116,70,114,97,109,101,119,111,114,107,83,116,97,116,101,46,84,69,83,84,34,44,34,116,101,115,116,95,105,100,34,58,34,65,100,100,32,78,111,116,101,115,32,45,32,83,107,105,112,32,116,117,116,111,114,105,97,108,34,44,34,116,101,115,116,95,110,97,109,101,34,58,34,83,107,105,112,32,116,117,116,111,114,105,97,108,34,44,34,116,101,115,116,95,99,111,100,101,34,58,34,97,115,121,110,99,32,40,41,32,61,62,32,123,92,110,32,32,32,32,32,32,32,32,47,47,32,97,119,97,105,116,32,36,40,39,47,47,42,91,64,116,101,120,116,61,92,34,83,75,73,80,92,34,93,39,41,46,99,108,105,99,107,40,41,92,110,32,32,32,32,32,32,32,32,97,119,97,105,116,32,97,100,100,78,111,116,101,83,99,114,101,101,110,46,115,107,105,112,66,116,110,46,99,108,105,99,107,40,41,59,92,110,32,32,32,32,32,32,32,32,97,119,97,105,116,32,101,120,112,101,99,116,40,97,100,100,78,111,116,101,83,99,114,101,101,110,46,97,100,100,78,111,116,101,66,116,110,41,46,116,111,66,101,68,105,115,112,108,97,121,101,100,40,41,92,110,32,32,32,32,125,34,44,34,116,101,115,116,95,108,111,99,97,116,105,111,110,34,58,34,116,101,115,116,47,115,112,101,99,115,47,97,110,100,114,111,105,100,47,97,100,100,45,110,111,116,101,45,115,99,114,101,101,110,46,115,112,101,99,46,106,115,34,44,34,116,101,115,116,95,115,99,111,112,101,34,58,34,65,100,100,32,78,111,116,101,115,32,45,32,83,107,105,112,32,116,117,116,111,114,105,97,108,34,44,34,116,101,115,116,95,115,99,111,112,101,115,34,58,91,34,65,100,100,32,78,111,116,101,115,34,93,44,34,116,101,115,116,95,115,116,97,114,116,101,100,95,97,116,34,58,34,50,48,50,54,45,48,50,45,49,55,84,48,48,58,49,56,58,53,48,46,51,51,53,90,34,44,34,97,117,116,111,109,97,116,101,95,115,101,115,115,105,111,110,95,110,97,109,101,34,58,34,65,100,100,32,78,111,116,101,115,32,45,32,83,107,105,112,32,116,117,116,111,114,105,97,108,34,44,34,116,101,115,116,95,102,97,105,108,117,114,101,34,58,110,117,108,108,44,34,116,101,115,116,95,102,97,105,108,117,114,101,95,114,101,97,115,111,110,34,58,110,117,108,108,44,34,116,101,115,116,95,102,97,105,108,117,114,101,95,116,121,112,101,34,58,110,117,108,108,44,34,116,101,115,116,95,101,110,100,101,100,95,97,116,34,58,34,50,48,50,54,45,48,50,45,49,55,84,48,48,58,49,56,58,53,50,46,55,49,57,90,34,44,34,116,101,115,116,95,104,111,111,107,95,108,97,115,116,95,102,105,110,105,115,104,101,100,34,58,34,84,101,115,116,70,114,97,109,101,119,111,114,107,83,116,97,116,101,46,84,69,83,84,34,44,34,97,117,116,111,109,97,116,101,95,115,101,115,115,105,111,110,95,115,116,97,116,117,115,34,58,34,112,97,115,115,101,100,34,44,34,116,101,115,116,95,100,101,102,101,114,114,101,100,34,58,116,114,117,101,125]},"executionContext":{"hash":"3e7525ceb4837ac217ab7cb5bb300ca4eef6de9c0d8f93e8d8e0519c7289accc","threadId":"0","processId":"29292"}}
[90m2026-02-17T00:18:52.720Z[39m [96mINFO[39m [97m@wdio/browserstack-service[39m Sending TestFrameworkEvent for worker: 0-29292
[90m2026-02-17T00:18:52.722Z[39m [96mINFO[39m [97m@wdio/browserstack-service[39m trackEvent: testFrameworkState=TestFrameworkState.INIT_TEST hookState=HookState.PRE
[90m2026-02-17T00:18:52.722Z[39m [96mINFO[39m [97m@wdio/browserstack-service[39m trackEvent: testFrameworkState=TestFrameworkState.INIT_TEST; hookState=HookState.PRE; args=[object Object]
[90m2026-02-17T00:18:52.723Z[39m [96mINFO[39m [97m@wdio/browserstack-service[39m resolveInstance: resolving instance for testFrameworkState=TestFrameworkState.INIT_TEST hookState=HookState.PRE
[90m2026-02-17T00:18:52.723Z[39m [96mINFO[39m [97m@wdio/browserstack-service[39m trackWdioMochaInstance: created instance for target=29292:0, state=TestFrameworkState.INIT_TEST, args=[object Object]
[90m2026-02-17T00:18:52.723Z[39m [96mINFO[39m [97m@wdio/browserstack-service[39m trackWdioMochaInstance: saved instance contextId=3e7525ceb4837ac217ab7cb5bb300ca4eef6de9c0d8f93e8d8e0519c7289accc target=29292:0
[90m2026-02-17T00:18:52.723Z[39m [96mINFO[39m [97m@wdio/browserstack-service[39m Hook Started in PRE key = TestFrameworkState.INIT_TEST & hook = {"key":"TestFrameworkState.INIT_TEST","hook_id":"","hook_result":"pending","event_started_at":"2026-02-17T00:18:52.723Z","hook_logs":[],"hook_name":"add a note, save changes & verify note","test_location":"test/specs/android/add-note-screen.spec.js"}
[90m2026-02-17T00:18:52.723Z[39m [96mINFO[39m [97m@wdio/browserstack-service[39m trackHookEvents: hook state=TestFrameworkState.INIT_TEST.HookState.PRE, hooks started={}, hooks finished={}
[90m2026-02-17T00:18:52.723Z[39m [32mDEBUG[39m [97m@wdio/browserstack-service[39m trackEvent: tracked instance data={"test_framework_name":"WebdriverIO-mocha","test_framework_version":"9.23.3","test_logs":[],"test_hooks_finished":{},"test_hooks_started":{},"test_uuid":"ead068d1-ba4f-4e17-ba10-0acb340f765c","test_result":"pending","test_hook_last_started":"TestFrameworkState.INIT_TEST"}
[90m2026-02-17T00:18:52.723Z[39m [96mINFO[39m [97m@wdio/browserstack-service[39m runHooks: instance=[object Object] automationFrameworkState=TestFrameworkState.INIT_TEST hookState=HookState.PRE
[90m2026-02-17T00:18:52.723Z[39m [32mDEBUG[39m [97m@wdio/browserstack-service[39m onAllTestEvents: Called after all test events from cli configured module!!!
[90m2026-02-17T00:18:52.723Z[39m [96mINFO[39m [97m@wdio/browserstack-service[39m trackEvent: testFrameworkState=TestFrameworkState.TEST hookState=HookState.PRE
[90m2026-02-17T00:18:52.723Z[39m [96mINFO[39m [97m@wdio/browserstack-service[39m trackEvent: testFrameworkState=TestFrameworkState.TEST; hookState=HookState.PRE; args=[object Object]
[90m2026-02-17T00:18:52.723Z[39m [96mINFO[39m [97m@wdio/browserstack-service[39m resolveInstance: resolving instance for testFrameworkState=TestFrameworkState.TEST hookState=HookState.PRE
[90m2026-02-17T00:18:52.724Z[39m [96mINFO[39m [97m@wdio/browserstack-service[39m trackEvent: instanceData={"test_framework_name":"WebdriverIO-mocha","test_framework_version":"9.23.3","test_logs":[],"test_hooks_finished":{},"test_hooks_started":{},"test_uuid":"ead068d1-ba4f-4e17-ba10-0acb340f765c","test_result":"pending","test_hook_last_started":"TestFrameworkState.INIT_TEST"}
[90m2026-02-17T00:18:52.724Z[39m [96mINFO[39m [97m@wdio/browserstack-service[39m Hook Started in PRE key = TestFrameworkState.TEST & hook = {"key":"TestFrameworkState.TEST","hook_id":"","hook_result":"pending","event_started_at":"2026-02-17T00:18:52.724Z","hook_logs":[],"hook_name":"add a note, save changes & verify note","test_location":"test/specs/android/add-note-screen.spec.js"}
[90m2026-02-17T00:18:52.724Z[39m [96mINFO[39m [97m@wdio/browserstack-service[39m trackHookEvents: hook state=TestFrameworkState.TEST.HookState.PRE, hooks started={}, hooks finished={}
[90m2026-02-17T00:18:52.724Z[39m [32mDEBUG[39m [97m@wdio/browserstack-service[39m trackEvent: tracked instance data={"test_framework_name":"WebdriverIO-mocha","test_framework_version":"9.23.3","test_logs":[],"test_hooks_finished":{},"test_hooks_started":{},"test_uuid":"ead068d1-ba4f-4e17-ba10-0acb340f765c","test_result":"pending","test_hook_last_started":"TestFrameworkState.TEST","test_id":"Add Notes - add a note, save changes & verify note","test_name":"add a note, save changes & verify note","test_code":"async () => {\n        await addNoteScreen.addNoteBtn.click()\n        await addNoteScreen.noteTypeBtn.click();\n        await expect(addNoteScreen.editText).toBeDisplayed();\n\n        await addNoteScreen.titleTextField.setValue(\"Fav Anime List\");\n        \n        //add Note value\n\n        await addNoteScreen.noteTextField.setValue(\"Naruto\\nOnePiece\\nAOT\");\n        await driver.back();\n\n        await driver.back();\n        await expect(addNoteScreen.editBtn).toBeDisplayed();\n         await driver.back();\n    }","test_location":"test/specs/android/add-note-screen.spec.js","test_scope":"Add Notes - add a note, save changes & verify note","test_scopes":["Add Notes"],"test_started_at":"2026-02-17T00:18:52.724Z"}
[90m2026-02-17T00:18:52.724Z[39m [96mINFO[39m [97m@wdio/browserstack-service[39m runHooks: instance=[object Object] automationFrameworkState=TestFrameworkState.TEST hookState=HookState.PRE
[90m2026-02-17T00:18:52.724Z[39m [96mINFO[39m [97m@wdio/browserstack-service[39m onbeforeTest: inside automate module before test hook!
[90m2026-02-17T00:18:52.724Z[39m [32mDEBUG[39m [97m@wdio/browserstack-service[39m getTrackedInstance: 29292:0
[90m2026-02-17T00:18:52.724Z[39m [32mDEBUG[39m [97m@wdio/browserstack-service[39m onBeforeTest: Called after test hook from cli configured module!!!
[90m2026-02-17T00:18:52.724Z[39m [32mDEBUG[39m [97m@wdio/browserstack-service[39m getTrackedInstance: 29292:0
[90m2026-02-17T00:18:52.724Z[39m [32mDEBUG[39m [97m@wdio/browserstack-service[39m sendTestSessionEvent: Called
[90m2026-02-17T00:18:52.724Z[39m [32mDEBUG[39m [97m@wdio/browserstack-service[39m sendTestSessionEvent: setup
[90m2026-02-17T00:18:52.724Z[39m [32mDEBUG[39m [97m@wdio/browserstack-service[39m sendTestSessionEvent: instance iteration [{"frameworkName":"WebdriverIO","frameworkVersion":{"WebdriverIO":"9.23.3"},"state":{"value":1}}]
[90m2026-02-17T00:18:52.724Z[39m [32mDEBUG[39m [97m@wdio/browserstack-service[39m sendTestSessionEvent: automationSession: {"provider":"browserstack","ref":"3e7525ceb4837ac217ab7cb5bb300ca4eef6de9c0d8f93e8d8e0519c7289accc","hubUrl":"https://hub-usw.browserstack.com/wd/hub","frameworkSessionId":"42915cf02c37041c29303932cce4bf5ad558a90e","frameworkName":"WebdriverIO","frameworkVersion":{"WebdriverIO":"9.23.3"}}
[90m2026-02-17T00:18:52.724Z[39m [32mDEBUG[39m [97m@wdio/browserstack-service[39m sendTestSessionEvent payload: {"testFrameworkName":"WebdriverIO-mocha","testFrameworkVersion":"9.23.3","testFrameworkState":"TEST","testHookState":"PRE","testUuid":"ead068d1-ba4f-4e17-ba10-0acb340f765c","executionContext":{"threadId":"0","processId":"29292"},"automationSessions":[{"provider":"browserstack","ref":"3e7525ceb4837ac217ab7cb5bb300ca4eef6de9c0d8f93e8d8e0519c7289accc","hubUrl":"https://hub-usw.browserstack.com/wd/hub","frameworkSessionId":"42915cf02c37041c29303932cce4bf5ad558a90e","frameworkName":"WebdriverIO","frameworkVersion":{"WebdriverIO":"9.23.3"}}],"platformIndex":0,"capabilities":{"0":123,"1":34,"2":112,"3":108,"4":97,"5":116,"6":102,"7":111,"8":114,"9":109,"10":34,"11":58,"12":34,"13":76,"14":73,"15":78,"16":85,"17":88,"18":34,"19":44,"20":34,"21":119,"22":101,"23":98,"24":83,"25":116,"26":111,"27":114,"28":97,"29":103,"30":101,"31":69,"32":110,"33":97,"34":98,"35":108,"36":101,"37":100,"38":34,"39":58,"40":102,"41":97,"42":108,"43":115,"44":101,"45":44,"46":34,"47":116,"48":97,"49":107,"50":101,"51":115,"52":83,"53":99,"54":114,"55":101,"56":101,"57":110,"58":115,"59":104,"60":111,"61":116,"62":34,"63":58,"64":116,"65":114,"66":117,"67":101,"68":44,"69":34,"70":106,"71":97,"72":118,"73":97,"74":115,"75":99,"76":114,"77":105,"78":112,"79":116,"80":69,"81":110,"82":97,"83":98,"84":108,"85":101,"86":100,"87":34,"88":58,"89":116,"90":114,"91":117,"92":101,"93":44,"94":34,"95":100,"96":97,"97":116,"98":97,"99":98,"100":97,"101":115,"102":101,"103":69,"104":110,"105":97,"106":98,"107":108,"108":101,"109":100,"110":34,"111":58,"112":102,"113":97,"114":108,"115":115,"116":101,"117":44,"118":34,"119":110,"120":101,"121":116,"122":119,"123":111,"124":114,"125":107,"126":67,"127":111,"128":110,"129":110,"130":101,"131":99,"132":116,"133":105,"134":111,"135":110,"136":69,"137":110,"138":97,"139":98,"140":108,"141":101,"142":100,"143":34,"144":58,"145":116,"146":114,"147":117,"148":101,"149":44,"150":34,"151":108,"152":111,"153":99,"154":97,"155":116,"156":105,"157":111,"158":110,"159":67,"160":111,"161":110,"162":116,"163":101,"164":120,"165":116,"166":69,"167":110,"168":97,"169":98,"170":108,"171":101,"172":100,"173":34,"174":58,"175":102,"176":97,"177":108,"178":115,"179":101,"180":44,"181":34,"182":119,"183":97,"184":114,"185":110,"186":105,"187":110,"188":103,"189":115,"190":34,"191":58,"192":123,"193":125,"194":44,"195":34,"196":100,"197":101,"198":115,"199":105,"200":114,"201":101,"202":100,"203":34,"204":58,"205":123,"206":34,"207":112,"208":108,"209":97,"210":116,"211":102,"212":111,"213":114,"214":109,"215":78,"216":97,"217":109,"218":101,"219":34,"220":58,"221":34,"222":65,"223":110,"224":100,"225":114,"226":111,"227":105,"228":100,"229":34,"230":44,"231":34,"232":98,"233":115,"234":116,"235":97,"236":99,"237":107,"238":58,"239":111,"240":112,"241":116,"242":105,"243":111,"244":110,"245":115,"246":34,"247":58,"248":123,"249":34,"250":104,"251":111,"252":115,"253":116,"254":78,"255":97,"256":109,"257":101,"258":34,"259":58,"260":34,"261":77,"262":97,"263":99,"264":66,"265":111,"266":111,"267":107,"268":45,"269":80,"270":114,"271":111,"272":45,"273":56,"274":46,"275":108,"276":111,"277":99,"278":97,"279":108,"280":34,"281":44,"282":34,"283":98,"284":117,"285":105,"286":108,"287":100,"288":73,"289":100,"290":101,"291":110,"292":116,"293":105,"294":102,"295":105,"296":101,"297":114,"298":34,"299":58,"300":34,"301":49,"302":34,"303":125,"304":44,"305":34,"306":103,"307":111,"308":111,"309":103,"310":58,"311":99,"312":104,"313":114,"314":111,"315":109,"316":101,"317":79,"318":112,"319":116,"320":105,"321":111,"322":110,"323":115,"324":34,"325":58,"326":123,"327":125,"328":44,"329":34,"330":110,"331":101,"332":119,"333":67,"334":111,"335":109,"336":109,"337":97,"338":110,"339":100,"340":84,"341":105,"342":109,"343":101,"344":111,"345":117,"346":116,"347":34,"348":58,"349":48,"350":44,"351":34,"352":100,"353":101,"354":118,"355":105,"356":99,"357":101,"358":78,"359":97,"360":109,"361":101,"362":34,"363":58,"364":34,"365":103,"366":111,"367":111,"368":103,"369":108,"370":101,"371":32,"372":112,"373":105,"374":120,"375":101,"376":108,"377":32,"378":53,"379":34,"380":44,"381":34,"382":99,"383":104,"384":114,"385":111,"386":109,"387":101,"388":100,"389":114,"390":105,"391":118,"392":101,"393":114,"394":80,"395":111,"396":114,"397":116,"398":115,"399":34,"400":58,"401":91,"402":91,"403":49,"404":56,"405":49,"406":52,"407":52,"408":44,"409":49,"410":56,"411":49,"412":53,"413":52,"414":93,"415":93,"416":44,"417":34,"418":97,"419":117,"420":116,"421":111,"422":109,"423":97,"424":116,"425":105,"426":111,"427":110,"428":78,"429":97,"430":109,"431":101,"432":34,"433":58,"434":34,"435":117,"436":105,"437":97,"438":117,"439":116,"440":111,"441":109,"442":97,"443":116,"444":111,"445":114,"446":50,"447":34,"448":44,"449":34,"450":115,"451":121,"452":115,"453":116,"454":101,"455":109,"456":80,"457":111,"458":114,"459":116,"460":34,"461":58,"462":56,"463":50,"464":48,"465":52,"466":44,"467":34,"468":97,"469":117,"470":116,"471":111,"472":71,"473":114,"474":97,"475":110,"476":116,"477":80,"478":101,"479":114,"480":109,"481":105,"482":115,"483":115,"484":105,"485":111,"486":110,"487":115,"488":34,"489":58,"490":116,"491":114,"492":117,"493":101,"494":44,"495":34,"496":98,"497":117,"498":110,"499":100,"500":108,"501":101,"502":73,"503":68,"504":34,"505":58,"506":34,"507":99,"508":111,"509":109,"510":46,"511":115,"512":111,"513":99,"514":105,"515":97,"516":108,"517":110,"518":109,"519":111,"520":98,"521":105,"522":108,"523":101,"524":46,"525":100,"526":105,"527":99,"528":116,"529":97,"530":112,"531":112,"532":115,"533":46,"534":110,"535":111,"536":116,"537":101,"538":112,"539":97,"540":100,"541":46,"542":99,"543":111,"544":108,"545":111,"546":114,"547":46,"548":110,"549":111,"550":116,"551":101,"552":34,"553":44,"554":34,"555":98,"556":117,"557":110,"558":100,"559":108,"560":101,"561":73,"562":100,"563":34,"564":58,"565":34,"566":99,"567":111,"568":109,"569":46,"570":115,"571":111,"572":99,"573":105,"574":97,"575":108,"576":110,"577":109,"578":111,"579":98,"580":105,"581":108,"582":101,"583":46,"584":100,"585":105,"586":99,"587":116,"588":97,"589":112,"590":112,"591":115,"592":46,"593":110,"594":111,"595":116,"596":101,"597":112,"598":97,"599":100,"600":46,"601":99,"602":111,"603":108,"604":111,"605":114,"606":46,"607":110,"608":111,"609":116,"610":101,"611":34,"612":44,"613":34,"614":115,"615":107,"616":105,"617":112,"618":83,"619":101,"620":114,"621":118,"622":101,"623":114,"624":73,"625":110,"626":115,"627":116,"628":97,"629":108,"630":108,"631":97,"632":116,"633":105,"634":111,"635":110,"636":34,"637":58,"638":116,"639":114,"640":117,"641":101,"642":44,"643":34,"644":117,"645":100,"646":105,"647":100,"648":34,"649":58,"650":34,"651":48,"652":65,"653":50,"654":48,"655":49,"656":70,"657":68,"658":68,"659":52,"660":48,"661":48,"662":53,"663":71,"664":88,"665":34,"666":44,"667":34,"668":97,"669":112,"670":112,"671":80,"672":97,"673":99,"674":107,"675":97,"676":103,"677":101,"678":34,"679":58,"680":34,"681":99,"682":111,"683":109,"684":46,"685":115,"686":111,"687":99,"688":105,"689":97,"690":108,"691":110,"692":109,"693":111,"694":98,"695":105,"696":108,"697":101,"698":46,"699":100,"700":105,"701":99,"702":116,"703":97,"704":112,"705":112,"706":115,"707":46,"708":110,"709":111,"710":116,"711":101,"712":112,"713":97,"714":100,"715":46,"716":99,"717":111,"718":108,"719":111,"720":114,"721":46,"722":110,"723":111,"724":116,"725":101,"726":34,"727":44,"728":34,"729":97,"730":112,"731":112,"732":65,"733":99,"734":116,"735":105,"736":118,"737":105,"738":116,"739":121,"740":34,"741":58,"742":34,"743":99,"744":111,"745":109,"746":46,"747":115,"748":111,"749":99,"750":105,"751":97,"752":108,"753":110,"754":109,"755":111,"756":98,"757":105,"758":108,"759":101,"760":46,"761":99,"762":111,"763":108,"764":111,"765":114,"766":110,"767":111,"768":116,"769":101,"770":46,"771":97,"772":99,"773":116,"774":105,"775":118,"776":105,"777":116,"778":121,"779":46,"780":77,"781":97,"782":105,"783":110,"784":34,"785":44,"786":34,"787":110,"788":97,"789":116,"790":105,"791":118,"792":101,"793":87,"794":101,"795":98,"796":83,"797":99,"798":114,"799":101,"800":101,"801":110,"802":115,"803":104,"804":111,"805":116,"806":34,"807":58,"808":116,"809":114,"810":117,"811":101,"812":44,"813":34,"814":100,"815":105,"816":115,"817":97,"818":98,"819":108,"820":101,"821":83,"822":117,"823":112,"824":112,"825":114,"826":101,"827":115,"828":115,"829":65,"830":99,"831":99,"832":101,"833":115,"834":115,"835":105,"836":98,"837":105,"838":108,"839":105,"840":116,"841":121,"842":83,"843":101,"844":114,"845":118,"846":105,"847":99,"848":101,"849":34,"850":58,"851":116,"852":114,"853":117,"854":101,"855":125,"856":44,"857":34,"858":112,"859":108,"860":97,"861":116,"862":102,"863":111,"864":114,"865":109,"866":78,"867":97,"868":109,"869":101,"870":34,"871":58,"872":34,"873":65,"874":110,"875":100,"876":114,"877":111,"878":105,"879":100,"880":34,"881":44,"882":34,"883":98,"884":115,"885":116,"886":97,"887":99,"888":107,"889":58,"890":111,"891":112,"892":116,"893":105,"894":111,"895":110,"896":115,"897":34,"898":58,"899":123,"900":34,"901":104,"902":111,"903":115,"904":116,"905":78,"906":97,"907":109,"908":101,"909":34,"910":58,"911":34,"912":77,"913":97,"914":99,"915":66,"916":111,"917":111,"918":107,"919":45,"920":80,"921":114,"922":111,"923":45,"924":56,"925":46,"926":108,"927":111,"928":99,"929":97,"930":108,"931":34,"932":44,"933":34,"934":98,"935":117,"936":105,"937":108,"938":100,"939":73,"940":100,"941":101,"942":110,"943":116,"944":105,"945":102,"946":105,"947":101,"948":114,"949":34,"950":58,"951":34,"952":49,"953":34,"954":125,"955":44,"956":34,"957":103,"958":111,"959":111,"960":103,"961":58,"962":99,"963":104,"964":114,"965":111,"966":109,"967":101,"968":79,"969":112,"970":116,"971":105,"972":111,"973":110,"974":115,"975":34,"976":58,"977":123,"978":125,"979":44,"980":34,"981":110,"982":101,"983":119,"984":67,"985":111,"986":109,"987":109,"988":97,"989":110,"990":100,"991":84,"992":105,"993":109,"994":101,"995":111,"996":117,"997":116,"998":34,"999":58,"1000":48,"1001":44,"1002":34,"1003":100,"1004":101,"1005":118,"1006":105,"1007":99,"1008":101,"1009":78,"1010":97,"1011":109,"1012":101,"1013":34,"1014":58,"1015":34,"1016":48,"1017":65,"1018":50,"1019":48,"1020":49,"1021":70,"1022":68,"1023":68,"1024":52,"1025":48,"1026":48,"1027":53,"1028":71,"1029":88,"1030":34,"1031":44,"1032":34,"1033":99,"1034":104,"1035":114,"1036":111,"1037":109,"1038":101,"1039":100,"1040":114,"1041":105,"1042":118,"1043":101,"1044":114,"1045":80,"1046":111,"1047":114,"1048":116,"1049":115,"1050":34,"1051":58,"1052":91,"1053":91,"1054":49,"1055":56,"1056":49,"1057":52,"1058":52,"1059":44,"1060":49,"1061":56,"1062":49,"1063":53,"1064":52,"1065":93,"1066":93,"1067":44,"1068":34,"1069":97,"1070":117,"1071":116,"1072":111,"1073":109,"1074":97,"1075":116,"1076":105,"1077":111,"1078":110,"1079":78,"1080":97,"1081":109,"1082":101,"1083":34,"1084":58,"1085":34,"1086":117,"1087":105,"1088":97,"1089":117,"1090":116,"1091":111,"1092":109,"1093":97,"1094":116,"1095":111,"1096":114,"1097":50,"1098":34,"1099":44,"1100":34,"1101":115,"1102":121,"1103":115,"1104":116,"1105":101,"1106":109,"1107":80,"1108":111,"1109":114,"1110":116,"1111":34,"1112":58,"1113":56,"1114":50,"1115":48,"1116":52,"1117":44,"1118":34,"1119":97,"1120":117,"1121":116,"1122":111,"1123":71,"1124":114,"1125":97,"1126":110,"1127":116,"1128":80,"1129":101,"1130":114,"1131":109,"1132":105,"1133":115,"1134":115,"1135":105,"1136":111,"1137":110,"1138":115,"1139":34,"1140":58,"1141":116,"1142":114,"1143":117,"1144":101,"1145":44,"1146":34,"1147":98,"1148":117,"1149":110,"1150":100,"1151":108,"1152":101,"1153":73,"1154":68,"1155":34,"1156":58,"1157":34,"1158":99,"1159":111,"1160":109,"1161":46,"1162":115,"1163":111,"1164":99,"1165":105,"1166":97,"1167":108,"1168":110,"1169":109,"1170":111,"1171":98,"1172":105,"1173":108,"1174":101,"1175":46,"1176":100,"1177":105,"1178":99,"1179":116,"1180":97,"1181":112,"1182":112,"1183":115,"1184":46,"1185":110,"1186":111,"1187":116,"1188":101,"1189":112,"1190":97,"1191":100,"1192":46,"1193":99,"1194":111,"1195":108,"1196":111,"1197":114,"1198":46,"1199":110,"1200":111,"1201":116,"1202":101,"1203":34,"1204":44,"1205":34,"1206":98,"1207":117,"1208":110,"1209":100,"1210":108,"1211":101,"1212":73,"1213":100,"1214":34,"1215":58,"1216":34,"1217":99,"1218":111,"1219":109,"1220":46,"1221":115,"1222":111,"1223":99,"1224":105,"1225":97,"1226":108,"1227":110,"1228":109,"1229":111,"1230":98,"1231":105,"1232":108,"1233":101,"1234":46,"1235":100,"1236":105,"1237":99,"1238":116,"1239":97,"1240":112,"1241":112,"1242":115,"1243":46,"1244":110,"1245":111,"1246":116,"1247":101,"1248":112,"1249":97,"1250":100,"1251":46,"1252":99,"1253":111,"1254":108,"1255":111,"1256":114,"1257":46,"1258":110,"1259":111,"1260":116,"1261":101,"1262":34,"1263":44,"1264":34,"1265":115,"1266":107,"1267":105,"1268":112,"1269":83,"1270":101,"1271":114,"1272":118,"1273":101,"1274":114,"1275":73,"1276":110,"1277":115,"1278":116,"1279":97,"1280":108,"1281":108,"1282":97,"1283":116,"1284":105,"1285":111,"1286":110,"1287":34,"1288":58,"1289":116,"1290":114,"1291":117,"1292":101,"1293":44,"1294":34,"1295":117,"1296":100,"1297":105,"1298":100,"1299":34,"1300":58,"1301":34,"1302":48,"1303":65,"1304":50,"1305":48,"1306":49,"1307":70,"1308":68,"1309":68,"1310":52,"1311":48,"1312":48,"1313":53,"1314":71,"1315":88,"1316":34,"1317":44,"1318":34,"1319":97,"1320":112,"1321":112,"1322":80,"1323":97,"1324":99,"1325":107,"1326":97,"1327":103,"1328":101,"1329":34,"1330":58,"1331":34,"1332":99,"1333":111,"1334":109,"1335":46,"1336":115,"1337":111,"1338":99,"1339":105,"1340":97,"1341":108,"1342":110,"1343":109,"1344":111,"1345":98,"1346":105,"1347":108,"1348":101,"1349":46,"1350":100,"1351":105,"1352":99,"1353":116,"1354":97,"1355":112,"1356":112,"1357":115,"1358":46,"1359":110,"1360":111,"1361":116,"1362":101,"1363":112,"1364":97,"1365":100,"1366":46,"1367":99,"1368":111,"1369":108,"1370":111,"1371":114,"1372":46,"1373":110,"1374":111,"1375":116,"1376":101,"1377":34,"1378":44,"1379":34,"1380":97,"1381":112,"1382":112,"1383":65,"1384":99,"1385":116,"1386":105,"1387":118,"1388":105,"1389":116,"1390":121,"1391":34,"1392":58,"1393":34,"1394":99,"1395":111,"1396":109,"1397":46,"1398":115,"1399":111,"1400":99,"1401":105,"1402":97,"1403":108,"1404":110,"1405":109,"1406":111,"1407":98,"1408":105,"1409":108,"1410":101,"1411":46,"1412":99,"1413":111,"1414":108,"1415":111,"1416":114,"1417":110,"1418":111,"1419":116,"1420":101,"1421":46,"1422":97,"1423":99,"1424":116,"1425":105,"1426":118,"1427":105,"1428":116,"1429":121,"1430":46,"1431":77,"1432":97,"1433":105,"1434":110,"1435":34,"1436":44,"1437":34,"1438":110,"1439":97,"1440":116,"1441":105,"1442":118,"1443":101,"1444":87,"1445":101,"1446":98,"1447":83,"1448":99,"1449":114,"1450":101,"1451":101,"1452":110,"1453":115,"1454":104,"1455":111,"1456":116,"1457":34,"1458":58,"1459":116,"1460":114,"1461":117,"1462":101,"1463":44,"1464":34,"1465":100,"1466":105,"1467":115,"1468":97,"1469":98,"1470":108,"1471":101,"1472":83,"1473":117,"1474":112,"1475":112,"1476":114,"1477":101,"1478":115,"1479":115,"1480":65,"1481":99,"1482":99,"1483":101,"1484":115,"1485":115,"1486":105,"1487":98,"1488":105,"1489":108,"1490":105,"1491":116,"1492":121,"1493":83,"1494":101,"1495":114,"1496":118,"1497":105,"1498":99,"1499":101,"1500":34,"1501":58,"1502":116,"1503":114,"1504":117,"1505":101,"1506":44,"1507":34,"1508":100,"1509":101,"1510":118,"1511":105,"1512":99,"1513":101,"1514":85,"1515":68,"1516":73,"1517":68,"1518":34,"1519":58,"1520":34,"1521":48,"1522":65,"1523":50,"1524":48,"1525":49,"1526":70,"1527":68,"1528":68,"1529":52,"1530":48,"1531":48,"1532":53,"1533":71,"1534":88,"1535":34,"1536":44,"1537":34,"1538":100,"1539":101,"1540":118,"1541":105,"1542":99,"1543":101,"1544":65,"1545":112,"1546":105,"1547":76,"1548":101,"1549":118,"1550":101,"1551":108,"1552":34,"1553":58,"1554":51,"1555":48,"1556":44,"1557":34,"1558":112,"1559":108,"1560":97,"1561":116,"1562":102,"1563":111,"1564":114,"1565":109,"1566":86,"1567":101,"1568":114,"1569":115,"1570":105,"1571":111,"1572":110,"1573":34,"1574":58,"1575":34,"1576":49,"1577":49,"1578":34,"1579":44,"1580":34,"1581":100,"1582":101,"1583":118,"1584":105,"1585":99,"1586":101,"1587":83,"1588":99,"1589":114,"1590":101,"1591":101,"1592":110,"1593":83,"1594":105,"1595":122,"1596":101,"1597":34,"1598":58,"1599":34,"1600":49,"1601":48,"1602":56,"1603":48,"1604":120,"1605":50,"1606":51,"1607":52,"1608":48,"1609":34,"1610":44,"1611":34,"1612":100,"1613":101,"1614":118,"1615":105,"1616":99,"1617":101,"1618":83,"1619":99,"1620":114,"1621":101,"1622":101,"1623":110,"1624":68,"1625":101,"1626":110,"1627":115,"1628":105,"1629":116,"1630":121,"1631":34,"1632":58,"1633":52,"1634":52,"1635":48,"1636":44,"1637":34,"1638":100,"1639":101,"1640":118,"1641":105,"1642":99,"1643":101,"1644":77,"1645":111,"1646":100,"1647":101,"1648":108,"1649":34,"1650":58,"1651":34,"1652":80,"1653":105,"1654":120,"1655":101,"1656":108,"1657":32,"1658":53,"1659":34,"1660":44,"1661":34,"1662":100,"1663":101,"1664":118,"1665":105,"1666":99,"1667":101,"1668":77,"1669":97,"1670":110,"1671":117,"1672":102,"1673":97,"1674":99,"1675":116,"1676":117,"1677":114,"1678":101,"1679":114,"1680":34,"1681":58,"1682":34,"1683":71,"1684":111,"1685":111,"1686":103,"1687":108,"1688":101,"1689":34,"1690":44,"1691":34,"1692":112,"1693":105,"1694":120,"1695":101,"1696":108,"1697":82,"1698":97,"1699":116,"1700":105,"1701":111,"1702":34,"1703":58,"1704":50,"1705":46,"1706":55,"1707":53,"1708":44,"1709":34,"1710":115,"1711":116,"1712":97,"1713":116,"1714":66,"1715":97,"1716":114,"1717":72,"1718":101,"1719":105,"1720":103,"1721":104,"1722":116,"1723":34,"1724":58,"1725":49,"1726":52,"1727":53,"1728":44,"1729":34,"1730":118,"1731":105,"1732":101,"1733":119,"1734":112,"1735":111,"1736":114,"1737":116,"1738":82,"1739":101,"1740":99,"1741":116,"1742":34,"1743":58,"1744":123,"1745":34,"1746":108,"1747":101,"1748":102,"1749":116,"1750":34,"1751":58,"1752":48,"1753":44,"1754":34,"1755":116,"1756":111,"1757":112,"1758":34,"1759":58,"1760":49,"1761":52,"1762":53,"1763":44,"1764":34,"1765":119,"1766":105,"1767":100,"1768":116,"1769":104,"1770":34,"1771":58,"1772":49,"1773":48,"1774":56,"1775":48,"1776":44,"1777":34,"1778":104,"1779":101,"1780":105,"1781":103,"1782":104,"1783":116,"1784":34,"1785":58,"1786":50,"1787":48,"1788":49,"1789":53,"1790":125,"1791":125}}
[90m2026-02-17T00:18:52.724Z[39m [96mINFO[39m [97m@wdio/browserstack-service[39m Sending TestSessionEvent for worker: 0-29292
[90m2026-02-17T00:18:52.725Z[39m [32mDEBUG[39m [97m@wdio/browserstack-service[39m onAllTestEvents: Called after all test events from cli configured module!!!
[90m2026-02-17T00:18:52.725Z[39m [32mDEBUG[39m [97m@wdio/browserstack-service[39m sendTestFrameworkEvent for testState: TEST hookState: PRE
[90m2026-02-17T00:18:52.725Z[39m [32mDEBUG[39m [97m@wdio/browserstack-service[39m sendTestFrameworkEvent payload: {"platformIndex":0,"testFrameworkName":"WebdriverIO-mocha","testFrameworkVersion":"9.23.3","testFrameworkState":"TEST","testHookState":"PRE","startedAt":"2026-02-17T00:18:52.724Z","endedAt":"","uuid":"ead068d1-ba4f-4e17-ba10-0acb340f765c","eventJson":{"type":"Buffer","data":[123,34,116,101,115,116,95,102,114,97,109,101,119,111,114,107,95,110,97,109,101,34,58,34,87,101,98,100,114,105,118,101,114,73,79,45,109,111,99,104,97,34,44,34,116,101,115,116,95,102,114,97,109,101,119,111,114,107,95,118,101,114,115,105,111,110,34,58,34,57,46,50,51,46,51,34,44,34,116,101,115,116,95,108,111,103,115,34,58,91,93,44,34,116,101,115,116,95,104,111,111,107,115,95,102,105,110,105,115,104,101,100,34,58,123,125,44,34,116,101,115,116,95,104,111,111,107,115,95,115,116,97,114,116,101,100,34,58,123,125,44,34,116,101,115,116,95,117,117,105,100,34,58,34,101,97,100,48,54,56,100,49,45,98,97,52,102,45,52,101,49,55,45,98,97,49,48,45,48,97,99,98,51,52,48,102,55,54,53,99,34,44,34,116,101,115,116,95,114,101,115,117,108,116,34,58,34,112,101,110,100,105,110,103,34,44,34,116,101,115,116,95,104,111,111,107,95,108,97,115,116,95,115,116,97,114,116,101,100,34,58,34,84,101,115,116,70,114,97,109,101,119,111,114,107,83,116,97,116,101,46,84,69,83,84,34,44,34,116,101,115,116,95,105,100,34,58,34,65,100,100,32,78,111,116,101,115,32,45,32,97,100,100,32,97,32,110,111,116,101,44,32,115,97,118,101,32,99,104,97,110,103,101,115,32,38,32,118,101,114,105,102,121,32,110,111,116,101,34,44,34,116,101,115,116,95,110,97,109,101,34,58,34,97,100,100,32,97,32,110,111,116,101,44,32,115,97,118,101,32,99,104,97,110,103,101,115,32,38,32,118,101,114,105,102,121,32,110,111,116,101,34,44,34,116,101,115,116,95,99,111,100,101,34,58,34,97,115,121,110,99,32,40,41,32,61,62,32,123,92,110,32,32,32,32,32,32,32,32,97,119,97,105,116,32,97,100,100,78,111,116,101,83,99,114,101,101,110,46,97,100,100,78,111,116,101,66,116,110,46,99,108,105,99,107,40,41,92,110,32,32,32,32,32,32,32,32,97,119,97,105,116,32,97,100,100,78,111,116,101,83,99,114,101,101,110,46,110,111,116,101,84,121,112,101,66,116,110,46,99,108,105,99,107,40,41,59,92,110,32,32,32,32,32,32,32,32,97,119,97,105,116,32,101,120,112,101,99,116,40,97,100,100,78,111,116,101,83,99,114,101,101,110,46,101,100,105,116,84,101,120,116,41,46,116,111,66,101,68,105,115,112,108,97,121,101,100,40,41,59,92,110,92,110,32,32,32,32,32,32,32,32,97,119,97,105,116,32,97,100,100,78,111,116,101,83,99,114,101,101,110,46,116,105,116,108,101,84,101,120,116,70,105,101,108,100,46,115,101,116,86,97,108,117,101,40,92,34,70,97,118,32,65,110,105,109,101,32,76,105,115,116,92,34,41,59,92,110,32,32,32,32,32,32,32,32,92,110,32,32,32,32,32,32,32,32,47,47,97,100,100,32,78,111,116,101,32,118,97,108,117,101,92,110,92,110,32,32,32,32,32,32,32,32,97,119,97,105,116,32,97,100,100,78,111,116,101,83,99,114,101,101,110,46,110,111,116,101,84,101,120,116,70,105,101,108,100,46,115,101,116,86,97,108,117,101,40,92,34,78,97,114,117,116,111,92,92,110,79,110,101,80,105,101,99,101,92,92,110,65,79,84,92,34,41,59,92,110,32,32,32,32,32,32,32,32,97,119,97,105,116,32,100,114,105,118,101,114,46,98,97,99,107,40,41,59,92,110,92,110,32,32,32,32,32,32,32,32,97,119,97,105,116,32,100,114,105,118,101,114,46,98,97,99,107,40,41,59,92,110,32,32,32,32,32,32,32,32,97,119,97,105,116,32,101,120,112,101,99,116,40,97,100,100,78,111,116,101,83,99,114,101,101,110,46,101,100,105,116,66,116,110,41,46,116,111,66,101,68,105,115,112,108,97,121,101,100,40,41,59,92,110,32,32,32,32,32,32,32,32,32,97,119,97,105,116,32,100,114,105,118,101,114,46,98,97,99,107,40,41,59,92,110,32,32,32,32,125,34,44,34,116,101,115,116,95,108,111,99,97,116,105,111,110,34,58,34,116,101,115,116,47,115,112,101,99,115,47,97,110,100,114,111,105,100,47,97,100,100,45,110,111,116,101,45,115,99,114,101,101,110,46,115,112,101,99,46,106,115,34,44,34,116,101,115,116,95,115,99,111,112,101,34,58,34,65,100,100,32,78,111,116,101,115,32,45,32,97,100,100,32,97,32,110,111,116,101,44,32,115,97,118,101,32,99,104,97,110,103,101,115,32,38,32,118,101,114,105,102,121,32,110,111,116,101,34,44,34,116,101,115,116,95,115,99,111,112,101,115,34,58,91,34,65,100,100,32,78,111,116,101,115,34,93,44,34,116,101,115,116,95,115,116,97,114,116,101,100,95,97,116,34,58,34,50,48,50,54,45,48,50,45,49,55,84,48,48,58,49,56,58,53,50,46,55,50,52,90,34,44,34,97,117,116,111,109,97,116,101,95,115,101,115,115,105,111,110,95,110,97,109,101,34,58,34,65,100,100,32,78,111,116,101,115,32,45,32,97,100,100,32,97,32,110,111,116,101,44,32,115,97,118,101,32,99,104,97,110,103,101,115,32,38,32,118,101,114,105,102,121,32,110,111,116,101,34,125]},"executionContext":{"hash":"3e7525ceb4837ac217ab7cb5bb300ca4eef6de9c0d8f93e8d8e0519c7289accc","threadId":"0","processId":"29292"}}
[90m2026-02-17T00:18:52.725Z[39m [96mINFO[39m [97m@wdio/browserstack-service[39m Sending TestFrameworkEvent for worker: 0-29292
[90m2026-02-17T00:18:52.729Z[39m [32mDEBUG[39m [97m@wdio/browserstack-service[39m Timestamp conversion for sdk:testFrameworkEvent-1771287532720-y30bbj: 31156.011553 -> 1771287532720.6284 (timeOrigin: 1771287501564.617)
[90m2026-02-17T00:18:52.728Z[39m [96mINFO[39m [97m@wdio/browserstack-service[39m testFrameworkEvent successful for worker: 0-29292
[90m2026-02-17T00:18:52.729Z[39m [32mDEBUG[39m [97m@wdio/browserstack-service[39m sendTestFrameworkEvent complete for testState: TEST hookState: POST
[90m2026-02-17T00:18:52.729Z[39m [32mDEBUG[39m [97m@wdio/browserstack-service[39m Timestamp conversion for sdk:hook: 31158.182706 -> 1771287532722.7996 (timeOrigin: 1771287501564.617)
[90m2026-02-17T00:18:52.734Z[39m [96mINFO[39m [97m@wdio/browserstack-service[39m testSessionEvent successful for worker: 0-29292
[90m2026-02-17T00:18:52.734Z[39m [32mDEBUG[39m [97m@wdio/browserstack-service[39m Timestamp conversion for sdk:testSessionEvent: 28772.919426 -> 1771287530337.5364 (timeOrigin: 1771287501564.617)
[90m2026-02-17T00:18:52.734Z[39m [32mDEBUG[39m [97m@wdio/browserstack-service[39m sendTestSessionEvent complete for testState: TEST hookState: PRE
[90m2026-02-17T00:18:52.734Z[39m [96mINFO[39m [97m@wdio/browserstack-service[39m testFrameworkEvent successful for worker: 0-29292
[90m2026-02-17T00:18:52.734Z[39m [32mDEBUG[39m [97m@wdio/browserstack-service[39m sendTestFrameworkEvent complete for testState: TEST hookState: PRE
[90m2026-02-17T00:18:52.734Z[39m [32mDEBUG[39m [97m@wdio/browserstack-service[39m Timestamp conversion for sdk:testFrameworkEvent-1771287532725-xyrw2: 31160.847788 -> 1771287532725.4648 (timeOrigin: 1771287501564.617)
[90m2026-02-17T00:19:02.042Z[39m [96mINFO[39m [97m@wdio/browserstack-service[39m trackEvent: testFrameworkState=TestFrameworkState.LOG_REPORT hookState=HookState.POST
[90m2026-02-17T00:19:02.045Z[39m [32mDEBUG[39m [97m@wdio/browserstack-service[39m Timestamp conversion for sdk:hook: 40478.181997 -> 1771287542042.7988 (timeOrigin: 1771287501564.617)
[90m2026-02-17T00:19:02.042Z[39m [96mINFO[39m [97m@wdio/browserstack-service[39m trackEvent: testFrameworkState=TestFrameworkState.LOG_REPORT; hookState=HookState.POST; args=[object Object]
[90m2026-02-17T00:19:02.043Z[39m [96mINFO[39m [97m@wdio/browserstack-service[39m resolveInstance: resolving instance for testFrameworkState=TestFrameworkState.LOG_REPORT hookState=HookState.POST
[90m2026-02-17T00:19:02.043Z[39m [96mINFO[39m [97m@wdio/browserstack-service[39m trackEvent: load test results
[90m2026-02-17T00:19:02.043Z[39m [96mINFO[39m [97m@wdio/browserstack-service[39m Hook List in Post []
[90m2026-02-17T00:19:02.043Z[39m [96mINFO[39m [97m@wdio/browserstack-service[39m trackHookEvents: hook state=TestFrameworkState.LOG_REPORT.HookState.POST, hooks started={}, hooks finished={}
[90m2026-02-17T00:19:02.043Z[39m [32mDEBUG[39m [97m@wdio/browserstack-service[39m trackEvent: tracked instance data={"test_framework_name":"WebdriverIO-mocha","test_framework_version":"9.23.3","test_logs":[],"test_hooks_finished":{},"test_hooks_started":{},"test_uuid":"ead068d1-ba4f-4e17-ba10-0acb340f765c","test_result":"passed","test_hook_last_started":"TestFrameworkState.TEST","test_id":"Add Notes - add a note, save changes & verify note","test_name":"add a note, save changes & verify note","test_code":"async () => {\n        await addNoteScreen.addNoteBtn.click()\n        await addNoteScreen.noteTypeBtn.click();\n        await expect(addNoteScreen.editText).toBeDisplayed();\n\n        await addNoteScreen.titleTextField.setValue(\"Fav Anime List\");\n        \n        //add Note value\n\n        await addNoteScreen.noteTextField.setValue(\"Naruto\\nOnePiece\\nAOT\");\n        await driver.back();\n\n        await driver.back();\n        await expect(addNoteScreen.editBtn).toBeDisplayed();\n         await driver.back();\n    }","test_location":"test/specs/android/add-note-screen.spec.js","test_scope":"Add Notes - add a note, save changes & verify note","test_scopes":["Add Notes"],"test_started_at":"2026-02-17T00:18:52.724Z","automate_session_name":"Add Notes - add a note, save changes & verify note","test_failure":null,"test_failure_reason":null,"test_failure_type":null}
[90m2026-02-17T00:19:02.043Z[39m [96mINFO[39m [97m@wdio/browserstack-service[39m runHooks: instance=[object Object] automationFrameworkState=TestFrameworkState.LOG_REPORT hookState=HookState.POST
[90m2026-02-17T00:19:02.043Z[39m [32mDEBUG[39m [97m@wdio/browserstack-service[39m onAllTestEvents: Called after all test events from cli configured module!!!
[90m2026-02-17T00:19:02.043Z[39m [96mINFO[39m [97m@wdio/browserstack-service[39m trackEvent: testFrameworkState=TestFrameworkState.TEST hookState=HookState.POST
[90m2026-02-17T00:19:02.043Z[39m [96mINFO[39m [97m@wdio/browserstack-service[39m trackEvent: testFrameworkState=TestFrameworkState.TEST; hookState=HookState.POST; args=[object Object]
[90m2026-02-17T00:19:02.043Z[39m [96mINFO[39m [97m@wdio/browserstack-service[39m resolveInstance: resolving instance for testFrameworkState=TestFrameworkState.TEST hookState=HookState.POST
[90m2026-02-17T00:19:02.043Z[39m [96mINFO[39m [97m@wdio/browserstack-service[39m Hook List in Post [{"key":"TestFrameworkState.TEST","hook_id":"","hook_result":"pending","event_started_at":"2026-02-17T00:18:52.724Z","hook_logs":[],"hook_name":"add a note, save changes & verify note","test_location":"test/specs/android/add-note-screen.spec.js"}]
[90m2026-02-17T00:19:02.043Z[39m [96mINFO[39m [97m@wdio/browserstack-service[39m trackHookEvents: hook state=TestFrameworkState.TEST.HookState.POST, hooks started={}, hooks finished={}
[90m2026-02-17T00:19:02.043Z[39m [32mDEBUG[39m [97m@wdio/browserstack-service[39m trackEvent: tracked instance data={"test_framework_name":"WebdriverIO-mocha","test_framework_version":"9.23.3","test_logs":[],"test_hooks_finished":{},"test_hooks_started":{},"test_uuid":"ead068d1-ba4f-4e17-ba10-0acb340f765c","test_result":"passed","test_hook_last_started":"TestFrameworkState.TEST","test_id":"Add Notes - add a note, save changes & verify note","test_name":"add a note, save changes & verify note","test_code":"async () => {\n        await addNoteScreen.addNoteBtn.click()\n        await addNoteScreen.noteTypeBtn.click();\n        await expect(addNoteScreen.editText).toBeDisplayed();\n\n        await addNoteScreen.titleTextField.setValue(\"Fav Anime List\");\n        \n        //add Note value\n\n        await addNoteScreen.noteTextField.setValue(\"Naruto\\nOnePiece\\nAOT\");\n        await driver.back();\n\n        await driver.back();\n        await expect(addNoteScreen.editBtn).toBeDisplayed();\n         await driver.back();\n    }","test_location":"test/specs/android/add-note-screen.spec.js","test_scope":"Add Notes - add a note, save changes & verify note","test_scopes":["Add Notes"],"test_started_at":"2026-02-17T00:18:52.724Z","automate_session_name":"Add Notes - add a note, save changes & verify note","test_failure":null,"test_failure_reason":null,"test_failure_type":null,"test_ended_at":"2026-02-17T00:19:02.043Z","test_hook_last_finished":"TestFrameworkState.TEST"}
[90m2026-02-17T00:19:02.043Z[39m [96mINFO[39m [97m@wdio/browserstack-service[39m runHooks: instance=[object Object] automationFrameworkState=TestFrameworkState.TEST hookState=HookState.POST
[90m2026-02-17T00:19:02.043Z[39m [32mDEBUG[39m [97m@wdio/browserstack-service[39m onAfterTest: inside automate module after test hook!
[90m2026-02-17T00:19:02.043Z[39m [32mDEBUG[39m [97m@wdio/browserstack-service[39m getTrackedInstance: 29292:0
[90m2026-02-17T00:19:02.043Z[39m [32mDEBUG[39m [97m@wdio/browserstack-service[39m onAllTestEvents: Called after all test events from cli configured module!!!
[90m2026-02-17T00:19:02.043Z[39m [96mINFO[39m [97m@wdio/browserstack-service[39m onAllTestEvents: dropping due to lack of results
[90m2026-02-17T00:19:02.043Z[39m [32mDEBUG[39m [97m@wdio/browserstack-service[39m sendTestFrameworkEvent for testState: TEST hookState: POST
[90m2026-02-17T00:19:02.044Z[39m [32mDEBUG[39m [97m@wdio/browserstack-service[39m sendTestFrameworkEvent payload: {"platformIndex":0,"testFrameworkName":"WebdriverIO-mocha","testFrameworkVersion":"9.23.3","testFrameworkState":"TEST","testHookState":"POST","startedAt":"2026-02-17T00:18:52.724Z","endedAt":"2026-02-17T00:19:02.043Z","uuid":"ead068d1-ba4f-4e17-ba10-0acb340f765c","eventJson":{"type":"Buffer","data":[123,34,116,101,115,116,95,102,114,97,109,101,119,111,114,107,95,110,97,109,101,34,58,34,87,101,98,100,114,105,118,101,114,73,79,45,109,111,99,104,97,34,44,34,116,101,115,116,95,102,114,97,109,101,119,111,114,107,95,118,101,114,115,105,111,110,34,58,34,57,46,50,51,46,51,34,44,34,116,101,115,116,95,108,111,103,115,34,58,91,93,44,34,116,101,115,116,95,104,111,111,107,115,95,102,105,110,105,115,104,101,100,34,58,123,125,44,34,116,101,115,116,95,104,111,111,107,115,95,115,116,97,114,116,101,100,34,58,123,125,44,34,116,101,115,116,95,117,117,105,100,34,58,34,101,97,100,48,54,56,100,49,45,98,97,52,102,45,52,101,49,55,45,98,97,49,48,45,48,97,99,98,51,52,48,102,55,54,53,99,34,44,34,116,101,115,116,95,114,101,115,117,108,116,34,58,34,112,97,115,115,101,100,34,44,34,116,101,115,116,95,104,111,111,107,95,108,97,115,116,95,115,116,97,114,116,101,100,34,58,34,84,101,115,116,70,114,97,109,101,119,111,114,107,83,116,97,116,101,46,84,69,83,84,34,44,34,116,101,115,116,95,105,100,34,58,34,65,100,100,32,78,111,116,101,115,32,45,32,97,100,100,32,97,32,110,111,116,101,44,32,115,97,118,101,32,99,104,97,110,103,101,115,32,38,32,118,101,114,105,102,121,32,110,111,116,101,34,44,34,116,101,115,116,95,110,97,109,101,34,58,34,97,100,100,32,97,32,110,111,116,101,44,32,115,97,118,101,32,99,104,97,110,103,101,115,32,38,32,118,101,114,105,102,121,32,110,111,116,101,34,44,34,116,101,115,116,95,99,111,100,101,34,58,34,97,115,121,110,99,32,40,41,32,61,62,32,123,92,110,32,32,32,32,32,32,32,32,97,119,97,105,116,32,97,100,100,78,111,116,101,83,99,114,101,101,110,46,97,100,100,78,111,116,101,66,116,110,46,99,108,105,99,107,40,41,92,110,32,32,32,32,32,32,32,32,97,119,97,105,116,32,97,100,100,78,111,116,101,83,99,114,101,101,110,46,110,111,116,101,84,121,112,101,66,116,110,46,99,108,105,99,107,40,41,59,92,110,32,32,32,32,32,32,32,32,97,119,97,105,116,32,101,120,112,101,99,116,40,97,100,100,78,111,116,101,83,99,114,101,101,110,46,101,100,105,116,84,101,120,116,41,46,116,111,66,101,68,105,115,112,108,97,121,101,100,40,41,59,92,110,92,110,32,32,32,32,32,32,32,32,97,119,97,105,116,32,97,100,100,78,111,116,101,83,99,114,101,101,110,46,116,105,116,108,101,84,101,120,116,70,105,101,108,100,46,115,101,116,86,97,108,117,101,40,92,34,70,97,118,32,65,110,105,109,101,32,76,105,115,116,92,34,41,59,92,110,32,32,32,32,32,32,32,32,92,110,32,32,32,32,32,32,32,32,47,47,97,100,100,32,78,111,116,101,32,118,97,108,117,101,92,110,92,110,32,32,32,32,32,32,32,32,97,119,97,105,116,32,97,100,100,78,111,116,101,83,99,114,101,101,110,46,110,111,116,101,84,101,120,116,70,105,101,108,100,46,115,101,116,86,97,108,117,101,40,92,34,78,97,114,117,116,111,92,92,110,79,110,101,80,105,101,99,101,92,92,110,65,79,84,92,34,41,59,92,110,32,32,32,32,32,32,32,32,97,119,97,105,116,32,100,114,105,118,101,114,46,98,97,99,107,40,41,59,92,110,92,110,32,32,32,32,32,32,32,32,97,119,97,105,116,32,100,114,105,118,101,114,46,98,97,99,107,40,41,59,92,110,32,32,32,32,32,32,32,32,97,119,97,105,116,32,101,120,112,101,99,116,40,97,100,100,78,111,116,101,83,99,114,101,101,110,46,101,100,105,116,66,116,110,41,46,116,111,66,101,68,105,115,112,108,97,121,101,100,40,41,59,92,110,32,32,32,32,32,32,32,32,32,97,119,97,105,116,32,100,114,105,118,101,114,46,98,97,99,107,40,41,59,92,110,32,32,32,32,125,34,44,34,116,101,115,116,95,108,111,99,97,116,105,111,110,34,58,34,116,101,115,116,47,115,112,101,99,115,47,97,110,100,114,111,105,100,47,97,100,100,45,110,111,116,101,45,115,99,114,101,101,110,46,115,112,101,99,46,106,115,34,44,34,116,101,115,116,95,115,99,111,112,101,34,58,34,65,100,100,32,78,111,116,101,115,32,45,32,97,100,100,32,97,32,110,111,116,101,44,32,115,97,118,101,32,99,104,97,110,103,101,115,32,38,32,118,101,114,105,102,121,32,110,111,116,101,34,44,34,116,101,115,116,95,115,99,111,112,101,115,34,58,91,34,65,100,100,32,78,111,116,101,115,34,93,44,34,116,101,115,116,95,115,116,97,114,116,101,100,95,97,116,34,58,34,50,48,50,54,45,48,50,45,49,55,84,48,48,58,49,56,58,53,50,46,55,50,52,90,34,44,34,97,117,116,111,109,97,116,101,95,115,101,115,115,105,111,110,95,110,97,109,101,34,58,34,65,100,100,32,78,111,116,101,115,32,45,32,97,100,100,32,97,32,110,111,116,101,44,32,115,97,118,101,32,99,104,97,110,103,101,115,32,38,32,118,101,114,105,102,121,32,110,111,116,101,34,44,34,116,101,115,116,95,102,97,105,108,117,114,101,34,58,110,117,108,108,44,34,116,101,115,116,95,102,97,105,108,117,114,101,95,114,101,97,115,111,110,34,58,110,117,108,108,44,34,116,101,115,116,95,102,97,105,108,117,114,101,95,116,121,112,101,34,58,110,117,108,108,44,34,116,101,115,116,95,101,110,100,101,100,95,97,116,34,58,34,50,48,50,54,45,48,50,45,49,55,84,48,48,58,49,57,58,48,50,46,48,52,51,90,34,44,34,116,101,115,116,95,104,111,111,107,95,108,97,115,116,95,102,105,110,105,115,104,101,100,34,58,34,84,101,115,116,70,114,97,109,101,119,111,114,107,83,116,97,116,101,46,84,69,83,84,34,44,34,97,117,116,111,109,97,116,101,95,115,101,115,115,105,111,110,95,115,116,97,116,117,115,34,58,34,112,97,115,115,101,100,34,44,34,116,101,115,116,95,100,101,102,101,114,114,101,100,34,58,116,114,117,101,125]},"executionContext":{"hash":"3e7525ceb4837ac217ab7cb5bb300ca4eef6de9c0d8f93e8d8e0519c7289accc","threadId":"0","processId":"29292"}}
[90m2026-02-17T00:19:02.044Z[39m [96mINFO[39m [97m@wdio/browserstack-service[39m Sending TestFrameworkEvent for worker: 0-29292
[90m2026-02-17T00:19:02.046Z[39m [96mINFO[39m [97m@wdio/browserstack-service[39m trackEvent: testFrameworkState=TestFrameworkState.INIT_TEST hookState=HookState.PRE
[90m2026-02-17T00:19:02.046Z[39m [96mINFO[39m [97m@wdio/browserstack-service[39m trackEvent: testFrameworkState=TestFrameworkState.INIT_TEST; hookState=HookState.PRE; args=[object Object]
[90m2026-02-17T00:19:02.046Z[39m [96mINFO[39m [97m@wdio/browserstack-service[39m resolveInstance: resolving instance for testFrameworkState=TestFrameworkState.INIT_TEST hookState=HookState.PRE
[90m2026-02-17T00:19:02.046Z[39m [96mINFO[39m [97m@wdio/browserstack-service[39m trackWdioMochaInstance: created instance for target=29292:0, state=TestFrameworkState.INIT_TEST, args=[object Object]
[90m2026-02-17T00:19:02.046Z[39m [96mINFO[39m [97m@wdio/browserstack-service[39m trackWdioMochaInstance: saved instance contextId=3e7525ceb4837ac217ab7cb5bb300ca4eef6de9c0d8f93e8d8e0519c7289accc target=29292:0
[90m2026-02-17T00:19:02.046Z[39m [96mINFO[39m [97m@wdio/browserstack-service[39m Hook Started in PRE key = TestFrameworkState.INIT_TEST & hook = {"key":"TestFrameworkState.INIT_TEST","hook_id":"","hook_result":"pending","event_started_at":"2026-02-17T00:19:02.046Z","hook_logs":[],"hook_name":"Delete Note","test_location":"test/specs/android/add-note-screen.spec.js"}
[90m2026-02-17T00:19:02.046Z[39m [96mINFO[39m [97m@wdio/browserstack-service[39m trackHookEvents: hook state=TestFrameworkState.INIT_TEST.HookState.PRE, hooks started={}, hooks finished={}
[90m2026-02-17T00:19:02.047Z[39m [32mDEBUG[39m [97m@wdio/browserstack-service[39m trackEvent: tracked instance data={"test_framework_name":"WebdriverIO-mocha","test_framework_version":"9.23.3","test_logs":[],"test_hooks_finished":{},"test_hooks_started":{},"test_uuid":"4e96191f-fa84-4317-96d7-d6f9108b8e8b","test_result":"pending","test_hook_last_started":"TestFrameworkState.INIT_TEST"}
[90m2026-02-17T00:19:02.047Z[39m [96mINFO[39m [97m@wdio/browserstack-service[39m runHooks: instance=[object Object] automationFrameworkState=TestFrameworkState.INIT_TEST hookState=HookState.PRE
[90m2026-02-17T00:19:02.047Z[39m [32mDEBUG[39m [97m@wdio/browserstack-service[39m onAllTestEvents: Called after all test events from cli configured module!!!
[90m2026-02-17T00:19:02.047Z[39m [96mINFO[39m [97m@wdio/browserstack-service[39m trackEvent: testFrameworkState=TestFrameworkState.TEST hookState=HookState.PRE
[90m2026-02-17T00:19:02.047Z[39m [96mINFO[39m [97m@wdio/browserstack-service[39m trackEvent: testFrameworkState=TestFrameworkState.TEST; hookState=HookState.PRE; args=[object Object]
[90m2026-02-17T00:19:02.047Z[39m [96mINFO[39m [97m@wdio/browserstack-service[39m resolveInstance: resolving instance for testFrameworkState=TestFrameworkState.TEST hookState=HookState.PRE
[90m2026-02-17T00:19:02.047Z[39m [96mINFO[39m [97m@wdio/browserstack-service[39m trackEvent: instanceData={"test_framework_name":"WebdriverIO-mocha","test_framework_version":"9.23.3","test_logs":[],"test_hooks_finished":{},"test_hooks_started":{},"test_uuid":"4e96191f-fa84-4317-96d7-d6f9108b8e8b","test_result":"pending","test_hook_last_started":"TestFrameworkState.INIT_TEST"}
[90m2026-02-17T00:19:02.047Z[39m [96mINFO[39m [97m@wdio/browserstack-service[39m Hook Started in PRE key = TestFrameworkState.TEST & hook = {"key":"TestFrameworkState.TEST","hook_id":"","hook_result":"pending","event_started_at":"2026-02-17T00:19:02.047Z","hook_logs":[],"hook_name":"Delete Note","test_location":"test/specs/android/add-note-screen.spec.js"}
[90m2026-02-17T00:19:02.048Z[39m [96mINFO[39m [97m@wdio/browserstack-service[39m trackHookEvents: hook state=TestFrameworkState.TEST.HookState.PRE, hooks started={}, hooks finished={}
[90m2026-02-17T00:19:02.048Z[39m [32mDEBUG[39m [97m@wdio/browserstack-service[39m trackEvent: tracked instance data={"test_framework_name":"WebdriverIO-mocha","test_framework_version":"9.23.3","test_logs":[],"test_hooks_finished":{},"test_hooks_started":{},"test_uuid":"4e96191f-fa84-4317-96d7-d6f9108b8e8b","test_result":"pending","test_hook_last_started":"TestFrameworkState.TEST","test_id":"Add Notes - Delete Note","test_name":"Delete Note","test_code":"async () => {\n        //Add Note (Use the above)\n\n        //Delete Note\n        const noteTitle = await addNoteScreen.noteTitle.getText();\n        await addNoteScreen.noteTitle.click();\n\n        await addNoteScreen.moreBtn.click();\n        await addNoteScreen.deleteBtn.click();\n        await driver.acceptAlert();\n\n\n        //Check Note in Trash Can\n        await addNoteScreen.menuBtn.click();\n        await addNoteScreen.trashCanBtn.click();\n        await expect(addNoteScreen.trashCanNotes).toHaveText(noteTitle);\n\n    }","test_location":"test/specs/android/add-note-screen.spec.js","test_scope":"Add Notes - Delete Note","test_scopes":["Add Notes"],"test_started_at":"2026-02-17T00:19:02.047Z"}
[90m2026-02-17T00:19:02.048Z[39m [96mINFO[39m [97m@wdio/browserstack-service[39m runHooks: instance=[object Object] automationFrameworkState=TestFrameworkState.TEST hookState=HookState.PRE
[90m2026-02-17T00:19:02.048Z[39m [96mINFO[39m [97m@wdio/browserstack-service[39m onbeforeTest: inside automate module before test hook!
[90m2026-02-17T00:19:02.048Z[39m [32mDEBUG[39m [97m@wdio/browserstack-service[39m getTrackedInstance: 29292:0
[90m2026-02-17T00:19:02.048Z[39m [32mDEBUG[39m [97m@wdio/browserstack-service[39m onBeforeTest: Called after test hook from cli configured module!!!
[90m2026-02-17T00:19:02.048Z[39m [32mDEBUG[39m [97m@wdio/browserstack-service[39m getTrackedInstance: 29292:0
[90m2026-02-17T00:19:02.048Z[39m [32mDEBUG[39m [97m@wdio/browserstack-service[39m sendTestSessionEvent: Called
[90m2026-02-17T00:19:02.048Z[39m [32mDEBUG[39m [97m@wdio/browserstack-service[39m sendTestSessionEvent: setup
[90m2026-02-17T00:19:02.048Z[39m [32mDEBUG[39m [97m@wdio/browserstack-service[39m sendTestSessionEvent: instance iteration [{"frameworkName":"WebdriverIO","frameworkVersion":{"WebdriverIO":"9.23.3"},"state":{"value":1}}]
[90m2026-02-17T00:19:02.048Z[39m [32mDEBUG[39m [97m@wdio/browserstack-service[39m sendTestSessionEvent: automationSession: {"provider":"browserstack","ref":"3e7525ceb4837ac217ab7cb5bb300ca4eef6de9c0d8f93e8d8e0519c7289accc","hubUrl":"https://hub-usw.browserstack.com/wd/hub","frameworkSessionId":"42915cf02c37041c29303932cce4bf5ad558a90e","frameworkName":"WebdriverIO","frameworkVersion":{"WebdriverIO":"9.23.3"}}
[90m2026-02-17T00:19:02.049Z[39m [32mDEBUG[39m [97m@wdio/browserstack-service[39m sendTestSessionEvent payload: {"testFrameworkName":"WebdriverIO-mocha","testFrameworkVersion":"9.23.3","testFrameworkState":"TEST","testHookState":"PRE","testUuid":"4e96191f-fa84-4317-96d7-d6f9108b8e8b","executionContext":{"threadId":"0","processId":"29292"},"automationSessions":[{"provider":"browserstack","ref":"3e7525ceb4837ac217ab7cb5bb300ca4eef6de9c0d8f93e8d8e0519c7289accc","hubUrl":"https://hub-usw.browserstack.com/wd/hub","frameworkSessionId":"42915cf02c37041c29303932cce4bf5ad558a90e","frameworkName":"WebdriverIO","frameworkVersion":{"WebdriverIO":"9.23.3"}}],"platformIndex":0,"capabilities":{"0":123,"1":34,"2":112,"3":108,"4":97,"5":116,"6":102,"7":111,"8":114,"9":109,"10":34,"11":58,"12":34,"13":76,"14":73,"15":78,"16":85,"17":88,"18":34,"19":44,"20":34,"21":119,"22":101,"23":98,"24":83,"25":116,"26":111,"27":114,"28":97,"29":103,"30":101,"31":69,"32":110,"33":97,"34":98,"35":108,"36":101,"37":100,"38":34,"39":58,"40":102,"41":97,"42":108,"43":115,"44":101,"45":44,"46":34,"47":116,"48":97,"49":107,"50":101,"51":115,"52":83,"53":99,"54":114,"55":101,"56":101,"57":110,"58":115,"59":104,"60":111,"61":116,"62":34,"63":58,"64":116,"65":114,"66":117,"67":101,"68":44,"69":34,"70":106,"71":97,"72":118,"73":97,"74":115,"75":99,"76":114,"77":105,"78":112,"79":116,"80":69,"81":110,"82":97,"83":98,"84":108,"85":101,"86":100,"87":34,"88":58,"89":116,"90":114,"91":117,"92":101,"93":44,"94":34,"95":100,"96":97,"97":116,"98":97,"99":98,"100":97,"101":115,"102":101,"103":69,"104":110,"105":97,"106":98,"107":108,"108":101,"109":100,"110":34,"111":58,"112":102,"113":97,"114":108,"115":115,"116":101,"117":44,"118":34,"119":110,"120":101,"121":116,"122":119,"123":111,"124":114,"125":107,"126":67,"127":111,"128":110,"129":110,"130":101,"131":99,"132":116,"133":105,"134":111,"135":110,"136":69,"137":110,"138":97,"139":98,"140":108,"141":101,"142":100,"143":34,"144":58,"145":116,"146":114,"147":117,"148":101,"149":44,"150":34,"151":108,"152":111,"153":99,"154":97,"155":116,"156":105,"157":111,"158":110,"159":67,"160":111,"161":110,"162":116,"163":101,"164":120,"165":116,"166":69,"167":110,"168":97,"169":98,"170":108,"171":101,"172":100,"173":34,"174":58,"175":102,"176":97,"177":108,"178":115,"179":101,"180":44,"181":34,"182":119,"183":97,"184":114,"185":110,"186":105,"187":110,"188":103,"189":115,"190":34,"191":58,"192":123,"193":125,"194":44,"195":34,"196":100,"197":101,"198":115,"199":105,"200":114,"201":101,"202":100,"203":34,"204":58,"205":123,"206":34,"207":112,"208":108,"209":97,"210":116,"211":102,"212":111,"213":114,"214":109,"215":78,"216":97,"217":109,"218":101,"219":34,"220":58,"221":34,"222":65,"223":110,"224":100,"225":114,"226":111,"227":105,"228":100,"229":34,"230":44,"231":34,"232":98,"233":115,"234":116,"235":97,"236":99,"237":107,"238":58,"239":111,"240":112,"241":116,"242":105,"243":111,"244":110,"245":115,"246":34,"247":58,"248":123,"249":34,"250":104,"251":111,"252":115,"253":116,"254":78,"255":97,"256":109,"257":101,"258":34,"259":58,"260":34,"261":77,"262":97,"263":99,"264":66,"265":111,"266":111,"267":107,"268":45,"269":80,"270":114,"271":111,"272":45,"273":56,"274":46,"275":108,"276":111,"277":99,"278":97,"279":108,"280":34,"281":44,"282":34,"283":98,"284":117,"285":105,"286":108,"287":100,"288":73,"289":100,"290":101,"291":110,"292":116,"293":105,"294":102,"295":105,"296":101,"297":114,"298":34,"299":58,"300":34,"301":49,"302":34,"303":125,"304":44,"305":34,"306":103,"307":111,"308":111,"309":103,"310":58,"311":99,"312":104,"313":114,"314":111,"315":109,"316":101,"317":79,"318":112,"319":116,"320":105,"321":111,"322":110,"323":115,"324":34,"325":58,"326":123,"327":125,"328":44,"329":34,"330":110,"331":101,"332":119,"333":67,"334":111,"335":109,"336":109,"337":97,"338":110,"339":100,"340":84,"341":105,"342":109,"343":101,"344":111,"345":117,"346":116,"347":34,"348":58,"349":48,"350":44,"351":34,"352":100,"353":101,"354":118,"355":105,"356":99,"357":101,"358":78,"359":97,"360":109,"361":101,"362":34,"363":58,"364":34,"365":103,"366":111,"367":111,"368":103,"369":108,"370":101,"371":32,"372":112,"373":105,"374":120,"375":101,"376":108,"377":32,"378":53,"379":34,"380":44,"381":34,"382":99,"383":104,"384":114,"385":111,"386":109,"387":101,"388":100,"389":114,"390":105,"391":118,"392":101,"393":114,"394":80,"395":111,"396":114,"397":116,"398":115,"399":34,"400":58,"401":91,"402":91,"403":49,"404":56,"405":49,"406":52,"407":52,"408":44,"409":49,"410":56,"411":49,"412":53,"413":52,"414":93,"415":93,"416":44,"417":34,"418":97,"419":117,"420":116,"421":111,"422":109,"423":97,"424":116,"425":105,"426":111,"427":110,"428":78,"429":97,"430":109,"431":101,"432":34,"433":58,"434":34,"435":117,"436":105,"437":97,"438":117,"439":116,"440":111,"441":109,"442":97,"443":116,"444":111,"445":114,"446":50,"447":34,"448":44,"449":34,"450":115,"451":121,"452":115,"453":116,"454":101,"455":109,"456":80,"457":111,"458":114,"459":116,"460":34,"461":58,"462":56,"463":50,"464":48,"465":52,"466":44,"467":34,"468":97,"469":117,"470":116,"471":111,"472":71,"473":114,"474":97,"475":110,"476":116,"477":80,"478":101,"479":114,"480":109,"481":105,"482":115,"483":115,"484":105,"485":111,"486":110,"487":115,"488":34,"489":58,"490":116,"491":114,"492":117,"493":101,"494":44,"495":34,"496":98,"497":117,"498":110,"499":100,"500":108,"501":101,"502":73,"503":68,"504":34,"505":58,"506":34,"507":99,"508":111,"509":109,"510":46,"511":115,"512":111,"513":99,"514":105,"515":97,"516":108,"517":110,"518":109,"519":111,"520":98,"521":105,"522":108,"523":101,"524":46,"525":100,"526":105,"527":99,"528":116,"529":97,"530":112,"531":112,"532":115,"533":46,"534":110,"535":111,"536":116,"537":101,"538":112,"539":97,"540":100,"541":46,"542":99,"543":111,"544":108,"545":111,"546":114,"547":46,"548":110,"549":111,"550":116,"551":101,"552":34,"553":44,"554":34,"555":98,"556":117,"557":110,"558":100,"559":108,"560":101,"561":73,"562":100,"563":34,"564":58,"565":34,"566":99,"567":111,"568":109,"569":46,"570":115,"571":111,"572":99,"573":105,"574":97,"575":108,"576":110,"577":109,"578":111,"579":98,"580":105,"581":108,"582":101,"583":46,"584":100,"585":105,"586":99,"587":116,"588":97,"589":112,"590":112,"591":115,"592":46,"593":110,"594":111,"595":116,"596":101,"597":112,"598":97,"599":100,"600":46,"601":99,"602":111,"603":108,"604":111,"605":114,"606":46,"607":110,"608":111,"609":116,"610":101,"611":34,"612":44,"613":34,"614":115,"615":107,"616":105,"617":112,"618":83,"619":101,"620":114,"621":118,"622":101,"623":114,"624":73,"625":110,"626":115,"627":116,"628":97,"629":108,"630":108,"631":97,"632":116,"633":105,"634":111,"635":110,"636":34,"637":58,"638":116,"639":114,"640":117,"641":101,"642":44,"643":34,"644":117,"645":100,"646":105,"647":100,"648":34,"649":58,"650":34,"651":48,"652":65,"653":50,"654":48,"655":49,"656":70,"657":68,"658":68,"659":52,"660":48,"661":48,"662":53,"663":71,"664":88,"665":34,"666":44,"667":34,"668":97,"669":112,"670":112,"671":80,"672":97,"673":99,"674":107,"675":97,"676":103,"677":101,"678":34,"679":58,"680":34,"681":99,"682":111,"683":109,"684":46,"685":115,"686":111,"687":99,"688":105,"689":97,"690":108,"691":110,"692":109,"693":111,"694":98,"695":105,"696":108,"697":101,"698":46,"699":100,"700":105,"701":99,"702":116,"703":97,"704":112,"705":112,"706":115,"707":46,"708":110,"709":111,"710":116,"711":101,"712":112,"713":97,"714":100,"715":46,"716":99,"717":111,"718":108,"719":111,"720":114,"721":46,"722":110,"723":111,"724":116,"725":101,"726":34,"727":44,"728":34,"729":97,"730":112,"731":112,"732":65,"733":99,"734":116,"735":105,"736":118,"737":105,"738":116,"739":121,"740":34,"741":58,"742":34,"743":99,"744":111,"745":109,"746":46,"747":115,"748":111,"749":99,"750":105,"751":97,"752":108,"753":110,"754":109,"755":111,"756":98,"757":105,"758":108,"759":101,"760":46,"761":99,"762":111,"763":108,"764":111,"765":114,"766":110,"767":111,"768":116,"769":101,"770":46,"771":97,"772":99,"773":116,"774":105,"775":118,"776":105,"777":116,"778":121,"779":46,"780":77,"781":97,"782":105,"783":110,"784":34,"785":44,"786":34,"787":110,"788":97,"789":116,"790":105,"791":118,"792":101,"793":87,"794":101,"795":98,"796":83,"797":99,"798":114,"799":101,"800":101,"801":110,"802":115,"803":104,"804":111,"805":116,"806":34,"807":58,"808":116,"809":114,"810":117,"811":101,"812":44,"813":34,"814":100,"815":105,"816":115,"817":97,"818":98,"819":108,"820":101,"821":83,"822":117,"823":112,"824":112,"825":114,"826":101,"827":115,"828":115,"829":65,"830":99,"831":99,"832":101,"833":115,"834":115,"835":105,"836":98,"837":105,"838":108,"839":105,"840":116,"841":121,"842":83,"843":101,"844":114,"845":118,"846":105,"847":99,"848":101,"849":34,"850":58,"851":116,"852":114,"853":117,"854":101,"855":125,"856":44,"857":34,"858":112,"859":108,"860":97,"861":116,"862":102,"863":111,"864":114,"865":109,"866":78,"867":97,"868":109,"869":101,"870":34,"871":58,"872":34,"873":65,"874":110,"875":100,"876":114,"877":111,"878":105,"879":100,"880":34,"881":44,"882":34,"883":98,"884":115,"885":116,"886":97,"887":99,"888":107,"889":58,"890":111,"891":112,"892":116,"893":105,"894":111,"895":110,"896":115,"897":34,"898":58,"899":123,"900":34,"901":104,"902":111,"903":115,"904":116,"905":78,"906":97,"907":109,"908":101,"909":34,"910":58,"911":34,"912":77,"913":97,"914":99,"915":66,"916":111,"917":111,"918":107,"919":45,"920":80,"921":114,"922":111,"923":45,"924":56,"925":46,"926":108,"927":111,"928":99,"929":97,"930":108,"931":34,"932":44,"933":34,"934":98,"935":117,"936":105,"937":108,"938":100,"939":73,"940":100,"941":101,"942":110,"943":116,"944":105,"945":102,"946":105,"947":101,"948":114,"949":34,"950":58,"951":34,"952":49,"953":34,"954":125,"955":44,"956":34,"957":103,"958":111,"959":111,"960":103,"961":58,"962":99,"963":104,"964":114,"965":111,"966":109,"967":101,"968":79,"969":112,"970":116,"971":105,"972":111,"973":110,"974":115,"975":34,"976":58,"977":123,"978":125,"979":44,"980":34,"981":110,"982":101,"983":119,"984":67,"985":111,"986":109,"987":109,"988":97,"989":110,"990":100,"991":84,"992":105,"993":109,"994":101,"995":111,"996":117,"997":116,"998":34,"999":58,"1000":48,"1001":44,"1002":34,"1003":100,"1004":101,"1005":118,"1006":105,"1007":99,"1008":101,"1009":78,"1010":97,"1011":109,"1012":101,"1013":34,"1014":58,"1015":34,"1016":48,"1017":65,"1018":50,"1019":48,"1020":49,"1021":70,"1022":68,"1023":68,"1024":52,"1025":48,"1026":48,"1027":53,"1028":71,"1029":88,"1030":34,"1031":44,"1032":34,"1033":99,"1034":104,"1035":114,"1036":111,"1037":109,"1038":101,"1039":100,"1040":114,"1041":105,"1042":118,"1043":101,"1044":114,"1045":80,"1046":111,"1047":114,"1048":116,"1049":115,"1050":34,"1051":58,"1052":91,"1053":91,"1054":49,"1055":56,"1056":49,"1057":52,"1058":52,"1059":44,"1060":49,"1061":56,"1062":49,"1063":53,"1064":52,"1065":93,"1066":93,"1067":44,"1068":34,"1069":97,"1070":117,"1071":116,"1072":111,"1073":109,"1074":97,"1075":116,"1076":105,"1077":111,"1078":110,"1079":78,"1080":97,"1081":109,"1082":101,"1083":34,"1084":58,"1085":34,"1086":117,"1087":105,"1088":97,"1089":117,"1090":116,"1091":111,"1092":109,"1093":97,"1094":116,"1095":111,"1096":114,"1097":50,"1098":34,"1099":44,"1100":34,"1101":115,"1102":121,"1103":115,"1104":116,"1105":101,"1106":109,"1107":80,"1108":111,"1109":114,"1110":116,"1111":34,"1112":58,"1113":56,"1114":50,"1115":48,"1116":52,"1117":44,"1118":34,"1119":97,"1120":117,"1121":116,"1122":111,"1123":71,"1124":114,"1125":97,"1126":110,"1127":116,"1128":80,"1129":101,"1130":114,"1131":109,"1132":105,"1133":115,"1134":115,"1135":105,"1136":111,"1137":110,"1138":115,"1139":34,"1140":58,"1141":116,"1142":114,"1143":117,"1144":101,"1145":44,"1146":34,"1147":98,"1148":117,"1149":110,"1150":100,"1151":108,"1152":101,"1153":73,"1154":68,"1155":34,"1156":58,"1157":34,"1158":99,"1159":111,"1160":109,"1161":46,"1162":115,"1163":111,"1164":99,"1165":105,"1166":97,"1167":108,"1168":110,"1169":109,"1170":111,"1171":98,"1172":105,"1173":108,"1174":101,"1175":46,"1176":100,"1177":105,"1178":99,"1179":116,"1180":97,"1181":112,"1182":112,"1183":115,"1184":46,"1185":110,"1186":111,"1187":116,"1188":101,"1189":112,"1190":97,"1191":100,"1192":46,"1193":99,"1194":111,"1195":108,"1196":111,"1197":114,"1198":46,"1199":110,"1200":111,"1201":116,"1202":101,"1203":34,"1204":44,"1205":34,"1206":98,"1207":117,"1208":110,"1209":100,"1210":108,"1211":101,"1212":73,"1213":100,"1214":34,"1215":58,"1216":34,"1217":99,"1218":111,"1219":109,"1220":46,"1221":115,"1222":111,"1223":99,"1224":105,"1225":97,"1226":108,"1227":110,"1228":109,"1229":111,"1230":98,"1231":105,"1232":108,"1233":101,"1234":46,"1235":100,"1236":105,"1237":99,"1238":116,"1239":97,"1240":112,"1241":112,"1242":115,"1243":46,"1244":110,"1245":111,"1246":116,"1247":101,"1248":112,"1249":97,"1250":100,"1251":46,"1252":99,"1253":111,"1254":108,"1255":111,"1256":114,"1257":46,"1258":110,"1259":111,"1260":116,"1261":101,"1262":34,"1263":44,"1264":34,"1265":115,"1266":107,"1267":105,"1268":112,"1269":83,"1270":101,"1271":114,"1272":118,"1273":101,"1274":114,"1275":73,"1276":110,"1277":115,"1278":116,"1279":97,"1280":108,"1281":108,"1282":97,"1283":116,"1284":105,"1285":111,"1286":110,"1287":34,"1288":58,"1289":116,"1290":114,"1291":117,"1292":101,"1293":44,"1294":34,"1295":117,"1296":100,"1297":105,"1298":100,"1299":34,"1300":58,"1301":34,"1302":48,"1303":65,"1304":50,"1305":48,"1306":49,"1307":70,"1308":68,"1309":68,"1310":52,"1311":48,"1312":48,"1313":53,"1314":71,"1315":88,"1316":34,"1317":44,"1318":34,"1319":97,"1320":112,"1321":112,"1322":80,"1323":97,"1324":99,"1325":107,"1326":97,"1327":103,"1328":101,"1329":34,"1330":58,"1331":34,"1332":99,"1333":111,"1334":109,"1335":46,"1336":115,"1337":111,"1338":99,"1339":105,"1340":97,"1341":108,"1342":110,"1343":109,"1344":111,"1345":98,"1346":105,"1347":108,"1348":101,"1349":46,"1350":100,"1351":105,"1352":99,"1353":116,"1354":97,"1355":112,"1356":112,"1357":115,"1358":46,"1359":110,"1360":111,"1361":116,"1362":101,"1363":112,"1364":97,"1365":100,"1366":46,"1367":99,"1368":111,"1369":108,"1370":111,"1371":114,"1372":46,"1373":110,"1374":111,"1375":116,"1376":101,"1377":34,"1378":44,"1379":34,"1380":97,"1381":112,"1382":112,"1383":65,"1384":99,"1385":116,"1386":105,"1387":118,"1388":105,"1389":116,"1390":121,"1391":34,"1392":58,"1393":34,"1394":99,"1395":111,"1396":109,"1397":46,"1398":115,"1399":111,"1400":99,"1401":105,"1402":97,"1403":108,"1404":110,"1405":109,"1406":111,"1407":98,"1408":105,"1409":108,"1410":101,"1411":46,"1412":99,"1413":111,"1414":108,"1415":111,"1416":114,"1417":110,"1418":111,"1419":116,"1420":101,"1421":46,"1422":97,"1423":99,"1424":116,"1425":105,"1426":118,"1427":105,"1428":116,"1429":121,"1430":46,"1431":77,"1432":97,"1433":105,"1434":110,"1435":34,"1436":44,"1437":34,"1438":110,"1439":97,"1440":116,"1441":105,"1442":118,"1443":101,"1444":87,"1445":101,"1446":98,"1447":83,"1448":99,"1449":114,"1450":101,"1451":101,"1452":110,"1453":115,"1454":104,"1455":111,"1456":116,"1457":34,"1458":58,"1459":116,"1460":114,"1461":117,"1462":101,"1463":44,"1464":34,"1465":100,"1466":105,"1467":115,"1468":97,"1469":98,"1470":108,"1471":101,"1472":83,"1473":117,"1474":112,"1475":112,"1476":114,"1477":101,"1478":115,"1479":115,"1480":65,"1481":99,"1482":99,"1483":101,"1484":115,"1485":115,"1486":105,"1487":98,"1488":105,"1489":108,"1490":105,"1491":116,"1492":121,"1493":83,"1494":101,"1495":114,"1496":118,"1497":105,"1498":99,"1499":101,"1500":34,"1501":58,"1502":116,"1503":114,"1504":117,"1505":101,"1506":44,"1507":34,"1508":100,"1509":101,"1510":118,"1511":105,"1512":99,"1513":101,"1514":85,"1515":68,"1516":73,"1517":68,"1518":34,"1519":58,"1520":34,"1521":48,"1522":65,"1523":50,"1524":48,"1525":49,"1526":70,"1527":68,"1528":68,"1529":52,"1530":48,"1531":48,"1532":53,"1533":71,"1534":88,"1535":34,"1536":44,"1537":34,"1538":100,"1539":101,"1540":118,"1541":105,"1542":99,"1543":101,"1544":65,"1545":112,"1546":105,"1547":76,"1548":101,"1549":118,"1550":101,"1551":108,"1552":34,"1553":58,"1554":51,"1555":48,"1556":44,"1557":34,"1558":112,"1559":108,"1560":97,"1561":116,"1562":102,"1563":111,"1564":114,"1565":109,"1566":86,"1567":101,"1568":114,"1569":115,"1570":105,"1571":111,"1572":110,"1573":34,"1574":58,"1575":34,"1576":49,"1577":49,"1578":34,"1579":44,"1580":34,"1581":100,"1582":101,"1583":118,"1584":105,"1585":99,"1586":101,"1587":83,"1588":99,"1589":114,"1590":101,"1591":101,"1592":110,"1593":83,"1594":105,"1595":122,"1596":101,"1597":34,"1598":58,"1599":34,"1600":49,"1601":48,"1602":56,"1603":48,"1604":120,"1605":50,"1606":51,"1607":52,"1608":48,"1609":34,"1610":44,"1611":34,"1612":100,"1613":101,"1614":118,"1615":105,"1616":99,"1617":101,"1618":83,"1619":99,"1620":114,"1621":101,"1622":101,"1623":110,"1624":68,"1625":101,"1626":110,"1627":115,"1628":105,"1629":116,"1630":121,"1631":34,"1632":58,"1633":52,"1634":52,"1635":48,"1636":44,"1637":34,"1638":100,"1639":101,"1640":118,"1641":105,"1642":99,"1643":101,"1644":77,"1645":111,"1646":100,"1647":101,"1648":108,"1649":34,"1650":58,"1651":34,"1652":80,"1653":105,"1654":120,"1655":101,"1656":108,"1657":32,"1658":53,"1659":34,"1660":44,"1661":34,"1662":100,"1663":101,"1664":118,"1665":105,"1666":99,"1667":101,"1668":77,"1669":97,"1670":110,"1671":117,"1672":102,"1673":97,"1674":99,"1675":116,"1676":117,"1677":114,"1678":101,"1679":114,"1680":34,"1681":58,"1682":34,"1683":71,"1684":111,"1685":111,"1686":103,"1687":108,"1688":101,"1689":34,"1690":44,"1691":34,"1692":112,"1693":105,"1694":120,"1695":101,"1696":108,"1697":82,"1698":97,"1699":116,"1700":105,"1701":111,"1702":34,"1703":58,"1704":50,"1705":46,"1706":55,"1707":53,"1708":44,"1709":34,"1710":115,"1711":116,"1712":97,"1713":116,"1714":66,"1715":97,"1716":114,"1717":72,"1718":101,"1719":105,"1720":103,"1721":104,"1722":116,"1723":34,"1724":58,"1725":49,"1726":52,"1727":53,"1728":44,"1729":34,"1730":118,"1731":105,"1732":101,"1733":119,"1734":112,"1735":111,"1736":114,"1737":116,"1738":82,"1739":101,"1740":99,"1741":116,"1742":34,"1743":58,"1744":123,"1745":34,"1746":108,"1747":101,"1748":102,"1749":116,"1750":34,"1751":58,"1752":48,"1753":44,"1754":34,"1755":116,"1756":111,"1757":112,"1758":34,"1759":58,"1760":49,"1761":52,"1762":53,"1763":44,"1764":34,"1765":119,"1766":105,"1767":100,"1768":116,"1769":104,"1770":34,"1771":58,"1772":49,"1773":48,"1774":56,"1775":48,"1776":44,"1777":34,"1778":104,"1779":101,"1780":105,"1781":103,"1782":104,"1783":116,"1784":34,"1785":58,"1786":50,"1787":48,"1788":49,"1789":53,"1790":125,"1791":125}}
[90m2026-02-17T00:19:02.049Z[39m [96mINFO[39m [97m@wdio/browserstack-service[39m Sending TestSessionEvent for worker: 0-29292
[90m2026-02-17T00:19:02.049Z[39m [32mDEBUG[39m [97m@wdio/browserstack-service[39m onAllTestEvents: Called after all test events from cli configured module!!!
[90m2026-02-17T00:19:02.050Z[39m [32mDEBUG[39m [97m@wdio/browserstack-service[39m sendTestFrameworkEvent for testState: TEST hookState: PRE
[90m2026-02-17T00:19:02.050Z[39m [32mDEBUG[39m [97m@wdio/browserstack-service[39m sendTestFrameworkEvent payload: {"platformIndex":0,"testFrameworkName":"WebdriverIO-mocha","testFrameworkVersion":"9.23.3","testFrameworkState":"TEST","testHookState":"PRE","startedAt":"2026-02-17T00:19:02.047Z","endedAt":"","uuid":"4e96191f-fa84-4317-96d7-d6f9108b8e8b","eventJson":{"type":"Buffer","data":[123,34,116,101,115,116,95,102,114,97,109,101,119,111,114,107,95,110,97,109,101,34,58,34,87,101,98,100,114,105,118,101,114,73,79,45,109,111,99,104,97,34,44,34,116,101,115,116,95,102,114,97,109,101,119,111,114,107,95,118,101,114,115,105,111,110,34,58,34,57,46,50,51,46,51,34,44,34,116,101,115,116,95,108,111,103,115,34,58,91,93,44,34,116,101,115,116,95,104,111,111,107,115,95,102,105,110,105,115,104,101,100,34,58,123,125,44,34,116,101,115,116,95,104,111,111,107,115,95,115,116,97,114,116,101,100,34,58,123,125,44,34,116,101,115,116,95,117,117,105,100,34,58,34,52,101,57,54,49,57,49,102,45,102,97,56,52,45,52,51,49,55,45,57,54,100,55,45,100,54,102,57,49,48,56,98,56,101,56,98,34,44,34,116,101,115,116,95,114,101,115,117,108,116,34,58,34,112,101,110,100,105,110,103,34,44,34,116,101,115,116,95,104,111,111,107,95,108,97,115,116,95,115,116,97,114,116,101,100,34,58,34,84,101,115,116,70,114,97,109,101,119,111,114,107,83,116,97,116,101,46,84,69,83,84,34,44,34,116,101,115,116,95,105,100,34,58,34,65,100,100,32,78,111,116,101,115,32,45,32,68,101,108,101,116,101,32,78,111,116,101,34,44,34,116,101,115,116,95,110,97,109,101,34,58,34,68,101,108,101,116,101,32,78,111,116,101,34,44,34,116,101,115,116,95,99,111,100,101,34,58,34,97,115,121,110,99,32,40,41,32,61,62,32,123,92,110,32,32,32,32,32,32,32,32,47,47,65,100,100,32,78,111,116,101,32,40,85,115,101,32,116,104,101,32,97,98,111,118,101,41,92,110,92,110,32,32,32,32,32,32,32,32,47,47,68,101,108,101,116,101,32,78,111,116,101,92,110,32,32,32,32,32,32,32,32,99,111,110,115,116,32,110,111,116,101,84,105,116,108,101,32,61,32,97,119,97,105,116,32,97,100,100,78,111,116,101,83,99,114,101,101,110,46,110,111,116,101,84,105,116,108,101,46,103,101,116,84,101,120,116,40,41,59,92,110,32,32,32,32,32,32,32,32,97,119,97,105,116,32,97,100,100,78,111,116,101,83,99,114,101,101,110,46,110,111,116,101,84,105,116,108,101,46,99,108,105,99,107,40,41,59,92,110,92,110,32,32,32,32,32,32,32,32,97,119,97,105,116,32,97,100,100,78,111,116,101,83,99,114,101,101,110,46,109,111,114,101,66,116,110,46,99,108,105,99,107,40,41,59,92,110,32,32,32,32,32,32,32,32,97,119,97,105,116,32,97,100,100,78,111,116,101,83,99,114,101,101,110,46,100,101,108,101,116,101,66,116,110,46,99,108,105,99,107,40,41,59,92,110,32,32,32,32,32,32,32,32,97,119,97,105,116,32,100,114,105,118,101,114,46,97,99,99,101,112,116,65,108,101,114,116,40,41,59,92,110,92,110,92,110,32,32,32,32,32,32,32,32,47,47,67,104,101,99,107,32,78,111,116,101,32,105,110,32,84,114,97,115,104,32,67,97,110,92,110,32,32,32,32,32,32,32,32,97,119,97,105,116,32,97,100,100,78,111,116,101,83,99,114,101,101,110,46,109,101,110,117,66,116,110,46,99,108,105,99,107,40,41,59,92,110,32,32,32,32,32,32,32,32,97,119,97,105,116,32,97,100,100,78,111,116,101,83,99,114,101,101,110,46,116,114,97,115,104,67,97,110,66,116,110,46,99,108,105,99,107,40,41,59,92,110,32,32,32,32,32,32,32,32,97,119,97,105,116,32,101,120,112,101,99,116,40,97,100,100,78,111,116,101,83,99,114,101,101,110,46,116,114,97,115,104,67,97,110,78,111,116,101,115,41,46,116,111,72,97,118,101,84,101,120,116,40,110,111,116,101,84,105,116,108,101,41,59,92,110,92,110,32,32,32,32,125,34,44,34,116,101,115,116,95,108,111,99,97,116,105,111,110,34,58,34,116,101,115,116,47,115,112,101,99,115,47,97,110,100,114,111,105,100,47,97,100,100,45,110,111,116,101,45,115,99,114,101,101,110,46,115,112,101,99,46,106,115,34,44,34,116,101,115,116,95,115,99,111,112,101,34,58,34,65,100,100,32,78,111,116,101,115,32,45,32,68,101,108,101,116,101,32,78,111,116,101,34,44,34,116,101,115,116,95,115,99,111,112,101,115,34,58,91,34,65,100,100,32,78,111,116,101,115,34,93,44,34,116,101,115,116,95,115,116,97,114,116,101,100,95,97,116,34,58,34,50,48,50,54,45,48,50,45,49,55,84,48,48,58,49,57,58,48,50,46,48,52,55,90,34,44,34,97,117,116,111,109,97,116,101,95,115,101,115,115,105,111,110,95,110,97,109,101,34,58,34,65,100,100,32,78,111,116,101,115,32,45,32,68,101,108,101,116,101,32,78,111,116,101,34,125]},"executionContext":{"hash":"3e7525ceb4837ac217ab7cb5bb300ca4eef6de9c0d8f93e8d8e0519c7289accc","threadId":"0","processId":"29292"}}
[90m2026-02-17T00:19:02.050Z[39m [96mINFO[39m [97m@wdio/browserstack-service[39m Sending TestFrameworkEvent for worker: 0-29292
[90m2026-02-17T00:19:02.053Z[39m [32mDEBUG[39m [97m@wdio/browserstack-service[39m Timestamp conversion for sdk:testFrameworkEvent-1771287542044-5wukes: 40479.424109 -> 1771287542044.041 (timeOrigin: 1771287501564.617)
[90m2026-02-17T00:19:02.053Z[39m [96mINFO[39m [97m@wdio/browserstack-service[39m testFrameworkEvent successful for worker: 0-29292
[90m2026-02-17T00:19:02.053Z[39m [32mDEBUG[39m [97m@wdio/browserstack-service[39m sendTestFrameworkEvent complete for testState: TEST hookState: POST
[90m2026-02-17T00:19:02.053Z[39m [32mDEBUG[39m [97m@wdio/browserstack-service[39m Timestamp conversion for sdk:hook: 40481.690165 -> 1771287542046.3071 (timeOrigin: 1771287501564.617)
[90m2026-02-17T00:19:02.059Z[39m [96mINFO[39m [97m@wdio/browserstack-service[39m testSessionEvent successful for worker: 0-29292
[90m2026-02-17T00:19:02.060Z[39m [32mDEBUG[39m [97m@wdio/browserstack-service[39m Timestamp conversion for sdk:testSessionEvent: 28772.919426 -> 1771287530337.5364 (timeOrigin: 1771287501564.617)
[90m2026-02-17T00:19:02.060Z[39m [32mDEBUG[39m [97m@wdio/browserstack-service[39m sendTestSessionEvent complete for testState: TEST hookState: PRE
[90m2026-02-17T00:19:02.060Z[39m [96mINFO[39m [97m@wdio/browserstack-service[39m testFrameworkEvent successful for worker: 0-29292
[90m2026-02-17T00:19:02.060Z[39m [32mDEBUG[39m [97m@wdio/browserstack-service[39m sendTestFrameworkEvent complete for testState: TEST hookState: PRE
[90m2026-02-17T00:19:02.060Z[39m [32mDEBUG[39m [97m@wdio/browserstack-service[39m Timestamp conversion for sdk:testFrameworkEvent-1771287542050-114w8a: 40485.546274 -> 1771287542050.1633 (timeOrigin: 1771287501564.617)
[90m2026-02-17T00:19:09.875Z[39m [96mINFO[39m [97m@wdio/browserstack-service[39m trackEvent: testFrameworkState=TestFrameworkState.LOG_REPORT hookState=HookState.POST
[90m2026-02-17T00:19:09.879Z[39m [32mDEBUG[39m [97m@wdio/browserstack-service[39m Timestamp conversion for sdk:hook: 48311.166696 -> 1771287549875.7837 (timeOrigin: 1771287501564.617)
[90m2026-02-17T00:19:09.875Z[39m [96mINFO[39m [97m@wdio/browserstack-service[39m trackEvent: testFrameworkState=TestFrameworkState.LOG_REPORT; hookState=HookState.POST; args=[object Object]
[90m2026-02-17T00:19:09.876Z[39m [96mINFO[39m [97m@wdio/browserstack-service[39m resolveInstance: resolving instance for testFrameworkState=TestFrameworkState.LOG_REPORT hookState=HookState.POST
[90m2026-02-17T00:19:09.876Z[39m [96mINFO[39m [97m@wdio/browserstack-service[39m trackEvent: load test results
[90m2026-02-17T00:19:09.876Z[39m [96mINFO[39m [97m@wdio/browserstack-service[39m Hook List in Post []
[90m2026-02-17T00:19:09.876Z[39m [96mINFO[39m [97m@wdio/browserstack-service[39m trackHookEvents: hook state=TestFrameworkState.LOG_REPORT.HookState.POST, hooks started={}, hooks finished={}
[90m2026-02-17T00:19:09.876Z[39m [32mDEBUG[39m [97m@wdio/browserstack-service[39m trackEvent: tracked instance data={"test_framework_name":"WebdriverIO-mocha","test_framework_version":"9.23.3","test_logs":[],"test_hooks_finished":{},"test_hooks_started":{},"test_uuid":"4e96191f-fa84-4317-96d7-d6f9108b8e8b","test_result":"passed","test_hook_last_started":"TestFrameworkState.TEST","test_id":"Add Notes - Delete Note","test_name":"Delete Note","test_code":"async () => {\n        //Add Note (Use the above)\n\n        //Delete Note\n        const noteTitle = await addNoteScreen.noteTitle.getText();\n        await addNoteScreen.noteTitle.click();\n\n        await addNoteScreen.moreBtn.click();\n        await addNoteScreen.deleteBtn.click();\n        await driver.acceptAlert();\n\n\n        //Check Note in Trash Can\n        await addNoteScreen.menuBtn.click();\n        await addNoteScreen.trashCanBtn.click();\n        await expect(addNoteScreen.trashCanNotes).toHaveText(noteTitle);\n\n    }","test_location":"test/specs/android/add-note-screen.spec.js","test_scope":"Add Notes - Delete Note","test_scopes":["Add Notes"],"test_started_at":"2026-02-17T00:19:02.047Z","automate_session_name":"Add Notes - Delete Note","test_failure":null,"test_failure_reason":null,"test_failure_type":null}
[90m2026-02-17T00:19:09.876Z[39m [96mINFO[39m [97m@wdio/browserstack-service[39m runHooks: instance=[object Object] automationFrameworkState=TestFrameworkState.LOG_REPORT hookState=HookState.POST
[90m2026-02-17T00:19:09.876Z[39m [32mDEBUG[39m [97m@wdio/browserstack-service[39m onAllTestEvents: Called after all test events from cli configured module!!!
[90m2026-02-17T00:19:09.876Z[39m [96mINFO[39m [97m@wdio/browserstack-service[39m trackEvent: testFrameworkState=TestFrameworkState.TEST hookState=HookState.POST
[90m2026-02-17T00:19:09.876Z[39m [96mINFO[39m [97m@wdio/browserstack-service[39m trackEvent: testFrameworkState=TestFrameworkState.TEST; hookState=HookState.POST; args=[object Object]
[90m2026-02-17T00:19:09.876Z[39m [96mINFO[39m [97m@wdio/browserstack-service[39m resolveInstance: resolving instance for testFrameworkState=TestFrameworkState.TEST hookState=HookState.POST
[90m2026-02-17T00:19:09.876Z[39m [96mINFO[39m [97m@wdio/browserstack-service[39m Hook List in Post [{"key":"TestFrameworkState.TEST","hook_id":"","hook_result":"pending","event_started_at":"2026-02-17T00:19:02.047Z","hook_logs":[],"hook_name":"Delete Note","test_location":"test/specs/android/add-note-screen.spec.js"}]
[90m2026-02-17T00:19:09.876Z[39m [96mINFO[39m [97m@wdio/browserstack-service[39m trackHookEvents: hook state=TestFrameworkState.TEST.HookState.POST, hooks started={}, hooks finished={}
[90m2026-02-17T00:19:09.876Z[39m [32mDEBUG[39m [97m@wdio/browserstack-service[39m trackEvent: tracked instance data={"test_framework_name":"WebdriverIO-mocha","test_framework_version":"9.23.3","test_logs":[],"test_hooks_finished":{},"test_hooks_started":{},"test_uuid":"4e96191f-fa84-4317-96d7-d6f9108b8e8b","test_result":"passed","test_hook_last_started":"TestFrameworkState.TEST","test_id":"Add Notes - Delete Note","test_name":"Delete Note","test_code":"async () => {\n        //Add Note (Use the above)\n\n        //Delete Note\n        const noteTitle = await addNoteScreen.noteTitle.getText();\n        await addNoteScreen.noteTitle.click();\n\n        await addNoteScreen.moreBtn.click();\n        await addNoteScreen.deleteBtn.click();\n        await driver.acceptAlert();\n\n\n        //Check Note in Trash Can\n        await addNoteScreen.menuBtn.click();\n        await addNoteScreen.trashCanBtn.click();\n        await expect(addNoteScreen.trashCanNotes).toHaveText(noteTitle);\n\n    }","test_location":"test/specs/android/add-note-screen.spec.js","test_scope":"Add Notes - Delete Note","test_scopes":["Add Notes"],"test_started_at":"2026-02-17T00:19:02.047Z","automate_session_name":"Add Notes - Delete Note","test_failure":null,"test_failure_reason":null,"test_failure_type":null,"test_ended_at":"2026-02-17T00:19:09.876Z","test_hook_last_finished":"TestFrameworkState.TEST"}
[90m2026-02-17T00:19:09.876Z[39m [96mINFO[39m [97m@wdio/browserstack-service[39m runHooks: instance=[object Object] automationFrameworkState=TestFrameworkState.TEST hookState=HookState.POST
[90m2026-02-17T00:19:09.876Z[39m [32mDEBUG[39m [97m@wdio/browserstack-service[39m onAfterTest: inside automate module after test hook!
[90m2026-02-17T00:19:09.876Z[39m [32mDEBUG[39m [97m@wdio/browserstack-service[39m getTrackedInstance: 29292:0
[90m2026-02-17T00:19:09.876Z[39m [32mDEBUG[39m [97m@wdio/browserstack-service[39m onAllTestEvents: Called after all test events from cli configured module!!!
[90m2026-02-17T00:19:09.876Z[39m [96mINFO[39m [97m@wdio/browserstack-service[39m onAllTestEvents: dropping due to lack of results
[90m2026-02-17T00:19:09.876Z[39m [32mDEBUG[39m [97m@wdio/browserstack-service[39m sendTestFrameworkEvent for testState: TEST hookState: POST
[90m2026-02-17T00:19:09.877Z[39m [32mDEBUG[39m [97m@wdio/browserstack-service[39m sendTestFrameworkEvent payload: {"platformIndex":0,"testFrameworkName":"WebdriverIO-mocha","testFrameworkVersion":"9.23.3","testFrameworkState":"TEST","testHookState":"POST","startedAt":"2026-02-17T00:19:02.047Z","endedAt":"2026-02-17T00:19:09.876Z","uuid":"4e96191f-fa84-4317-96d7-d6f9108b8e8b","eventJson":{"type":"Buffer","data":[123,34,116,101,115,116,95,102,114,97,109,101,119,111,114,107,95,110,97,109,101,34,58,34,87,101,98,100,114,105,118,101,114,73,79,45,109,111,99,104,97,34,44,34,116,101,115,116,95,102,114,97,109,101,119,111,114,107,95,118,101,114,115,105,111,110,34,58,34,57,46,50,51,46,51,34,44,34,116,101,115,116,95,108,111,103,115,34,58,91,93,44,34,116,101,115,116,95,104,111,111,107,115,95,102,105,110,105,115,104,101,100,34,58,123,125,44,34,116,101,115,116,95,104,111,111,107,115,95,115,116,97,114,116,101,100,34,58,123,125,44,34,116,101,115,116,95,117,117,105,100,34,58,34,52,101,57,54,49,57,49,102,45,102,97,56,52,45,52,51,49,55,45,57,54,100,55,45,100,54,102,57,49,48,56,98,56,101,56,98,34,44,34,116,101,115,116,95,114,101,115,117,108,116,34,58,34,112,97,115,115,101,100,34,44,34,116,101,115,116,95,104,111,111,107,95,108,97,115,116,95,115,116,97,114,116,101,100,34,58,34,84,101,115,116,70,114,97,109,101,119,111,114,107,83,116,97,116,101,46,84,69,83,84,34,44,34,116,101,115,116,95,105,100,34,58,34,65,100,100,32,78,111,116,101,115,32,45,32,68,101,108,101,116,101,32,78,111,116,101,34,44,34,116,101,115,116,95,110,97,109,101,34,58,34,68,101,108,101,116,101,32,78,111,116,101,34,44,34,116,101,115,116,95,99,111,100,101,34,58,34,97,115,121,110,99,32,40,41,32,61,62,32,123,92,110,32,32,32,32,32,32,32,32,47,47,65,100,100,32,78,111,116,101,32,40,85,115,101,32,116,104,101,32,97,98,111,118,101,41,92,110,92,110,32,32,32,32,32,32,32,32,47,47,68,101,108,101,116,101,32,78,111,116,101,92,110,32,32,32,32,32,32,32,32,99,111,110,115,116,32,110,111,116,101,84,105,116,108,101,32,61,32,97,119,97,105,116,32,97,100,100,78,111,116,101,83,99,114,101,101,110,46,110,111,116,101,84,105,116,108,101,46,103,101,116,84,101,120,116,40,41,59,92,110,32,32,32,32,32,32,32,32,97,119,97,105,116,32,97,100,100,78,111,116,101,83,99,114,101,101,110,46,110,111,116,101,84,105,116,108,101,46,99,108,105,99,107,40,41,59,92,110,92,110,32,32,32,32,32,32,32,32,97,119,97,105,116,32,97,100,100,78,111,116,101,83,99,114,101,101,110,46,109,111,114,101,66,116,110,46,99,108,105,99,107,40,41,59,92,110,32,32,32,32,32,32,32,32,97,119,97,105,116,32,97,100,100,78,111,116,101,83,99,114,101,101,110,46,100,101,108,101,116,101,66,116,110,46,99,108,105,99,107,40,41,59,92,110,32,32,32,32,32,32,32,32,97,119,97,105,116,32,100,114,105,118,101,114,46,97,99,99,101,112,116,65,108,101,114,116,40,41,59,92,110,92,110,92,110,32,32,32,32,32,32,32,32,47,47,67,104,101,99,107,32,78,111,116,101,32,105,110,32,84,114,97,115,104,32,67,97,110,92,110,32,32,32,32,32,32,32,32,97,119,97,105,116,32,97,100,100,78,111,116,101,83,99,114,101,101,110,46,109,101,110,117,66,116,110,46,99,108,105,99,107,40,41,59,92,110,32,32,32,32,32,32,32,32,97,119,97,105,116,32,97,100,100,78,111,116,101,83,99,114,101,101,110,46,116,114,97,115,104,67,97,110,66,116,110,46,99,108,105,99,107,40,41,59,92,110,32,32,32,32,32,32,32,32,97,119,97,105,116,32,101,120,112,101,99,116,40,97,100,100,78,111,116,101,83,99,114,101,101,110,46,116,114,97,115,104,67,97,110,78,111,116,101,115,41,46,116,111,72,97,118,101,84,101,120,116,40,110,111,116,101,84,105,116,108,101,41,59,92,110,92,110,32,32,32,32,125,34,44,34,116,101,115,116,95,108,111,99,97,116,105,111,110,34,58,34,116,101,115,116,47,115,112,101,99,115,47,97,110,100,114,111,105,100,47,97,100,100,45,110,111,116,101,45,115,99,114,101,101,110,46,115,112,101,99,46,106,115,34,44,34,116,101,115,116,95,115,99,111,112,101,34,58,34,65,100,100,32,78,111,116,101,115,32,45,32,68,101,108,101,116,101,32,78,111,116,101,34,44,34,116,101,115,116,95,115,99,111,112,101,115,34,58,91,34,65,100,100,32,78,111,116,101,115,34,93,44,34,116,101,115,116,95,115,116,97,114,116,101,100,95,97,116,34,58,34,50,48,50,54,45,48,50,45,49,55,84,48,48,58,49,57,58,48,50,46,48,52,55,90,34,44,34,97,117,116,111,109,97,116,101,95,115,101,115,115,105,111,110,95,110,97,109,101,34,58,34,65,100,100,32,78,111,116,101,115,32,45,32,68,101,108,101,116,101,32,78,111,116,101,34,44,34,116,101,115,116,95,102,97,105,108,117,114,101,34,58,110,117,108,108,44,34,116,101,115,116,95,102,97,105,108,117,114,101,95,114,101,97,115,111,110,34,58,110,117,108,108,44,34,116,101,115,116,95,102,97,105,108,117,114,101,95,116,121,112,101,34,58,110,117,108,108,44,34,116,101,115,116,95,101,110,100,101,100,95,97,116,34,58,34,50,48,50,54,45,48,50,45,49,55,84,48,48,58,49,57,58,48,57,46,56,55,54,90,34,44,34,116,101,115,116,95,104,111,111,107,95,108,97,115,116,95,102,105,110,105,115,104,101,100,34,58,34,84,101,115,116,70,114,97,109,101,119,111,114,107,83,116,97,116,101,46,84,69,83,84,34,44,34,97,117,116,111,109,97,116,101,95,115,101,115,115,105,111,110,95,115,116,97,116,117,115,34,58,34,112,97,115,115,101,100,34,44,34,116,101,115,116,95,100,101,102,101,114,114,101,100,34,58,116,114,117,101,125]},"executionContext":{"hash":"3e7525ceb4837ac217ab7cb5bb300ca4eef6de9c0d8f93e8d8e0519c7289accc","threadId":"0","processId":"29292"}}
[90m2026-02-17T00:19:09.877Z[39m [96mINFO[39m [97m@wdio/browserstack-service[39m Sending TestFrameworkEvent for worker: 0-29292
[90m2026-02-17T00:19:09.881Z[39m [96mINFO[39m [97m@wdio/browserstack-service[39m trackEvent: automationFrameworkState=AutomationFrameworkState.EXECUTE hookState=HookState.POST
[90m2026-02-17T00:19:09.881Z[39m [96mINFO[39m [97m@wdio/browserstack-service[39m trackEvent: automationFrameworkState=AutomationFrameworkState.EXECUTE hookState=HookState.POST args=[object Object]
[90m2026-02-17T00:19:09.881Z[39m [96mINFO[39m [97m@wdio/browserstack-service[39m resolveInstance: resolving instance for automationFrameworkState=AutomationFrameworkState.EXECUTE hookState=HookState.POST
[90m2026-02-17T00:19:09.881Z[39m [32mDEBUG[39m [97m@wdio/browserstack-service[39m getTrackedInstance: 29292:0
[90m2026-02-17T00:19:09.881Z[39m [96mINFO[39m [97m@wdio/browserstack-service[39m runHooks: automationFrameworkState=AutomationFrameworkState.EXECUTE hookState=HookState.POST
[90m2026-02-17T00:19:09.881Z[39m [32mDEBUG[39m [97m@wdio/browserstack-service[39m onAfterExecute: inside automate module after execute hook!
[90m2026-02-17T00:19:09.881Z[39m [96mINFO[39m [97m@wdio/browserstack-service[39m Marking session name for Automate
[90m2026-02-17T00:19:09.885Z[39m [96mINFO[39m [97m@wdio/browserstack-service[39m testFrameworkEvent successful for worker: 0-29292
[90m2026-02-17T00:19:09.886Z[39m [32mDEBUG[39m [97m@wdio/browserstack-service[39m sendTestFrameworkEvent complete for testState: TEST hookState: POST
[90m2026-02-17T00:19:09.886Z[39m [32mDEBUG[39m [97m@wdio/browserstack-service[39m Timestamp conversion for sdk:testFrameworkEvent-1771287549877-br3967: 48312.565709 -> 1771287549877.1826 (timeOrigin: 1771287501564.617)
[90m2026-02-17T00:19:10.078Z[39m [32mDEBUG[39m [97m@wdio/browserstack-service[39m Session name updated: { status: 404, message: 'Not Found' }. Done for sessionId 42915cf02c37041c29303932cce4bf5ad558a90e
[90m2026-02-17T00:19:10.079Z[39m [32mDEBUG[39m [97m@wdio/browserstack-service[39m Timestamp conversion for sdk:automate:session-name: 48317.236199 -> 1771287549881.853 (timeOrigin: 1771287501564.617)
[90m2026-02-17T00:19:10.078Z[39m [96mINFO[39m [97m@wdio/browserstack-service[39m Marking session status for Automate
[90m2026-02-17T00:19:10.232Z[39m [32mDEBUG[39m [97m@wdio/browserstack-service[39m Session status updated: { status: 404, message: 'Not Found' }. Done for sessionId 42915cf02c37041c29303932cce4bf5ad558a90e
[90m2026-02-17T00:19:10.232Z[39m [32mDEBUG[39m [97m@wdio/browserstack-service[39m teardown started
[90m2026-02-17T00:19:10.233Z[39m [32mDEBUG[39m [97m@wdio/browserstack-service[39m teardown ended
[90m2026-02-17T00:19:10.235Z[39m [32mDEBUG[39m [97m@wdio/browserstack-service[39m Timestamp conversion for sdk:hook:after: 48316.401308 -> 1771287549881.0183 (timeOrigin: 1771287501564.617)
[90m2026-02-17T00:19:10.235Z[39m [32mDEBUG[39m [97m@wdio/browserstack-service[39m Timestamp conversion for sdk:driver:quit: 48316.413853 -> 1771287549881.0308 (timeOrigin: 1771287501564.617)
[90m2026-02-17T00:19:10.235Z[39m [32mDEBUG[39m [97m@wdio/browserstack-service[39m Timestamp conversion for sdk:automate:session-status: 48513.602441 -> 1771287550078.2195 (timeOrigin: 1771287501564.617)
[90m2026-02-17T00:19:10.235Z[39m [32mDEBUG[39m [97m@wdio/browserstack-service[39m Timestamp conversion for sdk:automate:session-status: 48667.95866 -> 1771287550232.5757 (timeOrigin: 1771287501564.617)
[90m2026-02-17T00:19:10.235Z[39m [32mDEBUG[39m [97m@wdio/browserstack-service[39m Timestamp conversion for sdk:listener:worker-end: 48668.21959 -> 1771287550232.8364 (timeOrigin: 1771287501564.617)
[90m2026-02-17T00:19:10.235Z[39m [32mDEBUG[39m [97m@wdio/browserstack-service[39m Timestamp conversion for sdk:worker:save-data: 48668.458109 -> 1771287550233.075 (timeOrigin: 1771287501564.617)
[90m2026-02-17T00:19:11.558Z[39m [32mDEBUG[39m [97m@wdio/browserstack-service[39m Inside OnComplete hook..
[90m2026-02-17T00:19:11.558Z[39m [32mDEBUG[39m [97m@wdio/browserstack-service[39m stop: CLI stop triggered
[90m2026-02-17T00:19:11.558Z[39m [32mDEBUG[39m [97m@wdio/browserstack-service[39m Sending stop launch event
[90m2026-02-17T00:19:11.558Z[39m [32mDEBUG[39m [97m@wdio/browserstack-service[39m Stopping bin session
[90m2026-02-17T00:19:11.558Z[39m [32mDEBUG[39m [97m@wdio/browserstack-service[39m StopBinSession with clientWorkerId: 0-29283
[90m2026-02-17T00:19:12.091Z[39m [96mINFO[39m [97m@wdio/browserstack-service[39m StopBinSession successful
[90m2026-02-17T00:19:12.091Z[39m [32mDEBUG[39m [97m@wdio/browserstack-service[39m Timestamp conversion for sdk:cli:on-stop: 54427.119222 -> 1771287551558.2122 (timeOrigin: 1771287497131.093)
[90m2026-02-17T00:19:12.091Z[39m [32mDEBUG[39m [97m@wdio/browserstack-service[39m stop: stopBinSession response={"success":true}
[90m2026-02-17T00:19:12.091Z[39m [32mDEBUG[39m [97m@wdio/browserstack-service[39m Unconfiguring modules
[90m2026-02-17T00:19:12.091Z[39m [32mDEBUG[39m [97m@wdio/browserstack-service[39m Configured module WebdriverIOModule with binSessionId=null, platformIndex=0
[90m2026-02-17T00:19:12.091Z[39m [32mDEBUG[39m [97m@wdio/browserstack-service[39m Configured module AutomateModule with binSessionId=null, platformIndex=0
[90m2026-02-17T00:19:12.091Z[39m [32mDEBUG[39m [97m@wdio/browserstack-service[39m Configured module ObservabilityModule with binSessionId=null, platformIndex=0
[90m2026-02-17T00:19:12.091Z[39m [32mDEBUG[39m [97m@wdio/browserstack-service[39m Configured module TestHubModule with binSessionId=null, platformIndex=0
[90m2026-02-17T00:19:12.091Z[39m [32mDEBUG[39m [97m@wdio/browserstack-service[39m stop: shutting down CLI
[90m2026-02-17T00:19:12.106Z[39m [32mDEBUG[39m [97m@wdio/browserstack-service[39m stop: CLI process exited
[90m2026-02-17T00:19:12.107Z[39m [32mDEBUG[39m [97m@wdio/browserstack-service[39m Sending stop launch event
[90m2026-02-17T00:19:12.107Z[39m [32mDEBUG[39m [97m@wdio/browserstack-service[39m stop: CLI stop triggered
[90m2026-02-17T00:19:12.107Z[39m [32mDEBUG[39m [97m@wdio/browserstack-service[39m Stopping bin session
[90m2026-02-17T00:19:12.107Z[39m [32mDEBUG[39m [97m@wdio/browserstack-service[39m StopBinSession with clientWorkerId: 0-29283
[90m2026-02-17T00:19:12.111Z[39m [31mERROR[39m [97m@wdio/browserstack-service[39m StopBinSession error: Error: 14 UNAVAILABLE: No connection established. Last error: Error: connect ECONNREFUSED /tmp/sdk-platform-3c8bd701-bd39-4440-b785-4543bb063b8f.sock
    at callErrorFromStatus (/Users/alvinalonzo/Sites/appium-class/wdio-appium/node_modules/@grpc/grpc-js/build/src/call.js:32:19)
    at Object.onReceiveStatus (/Users/alvinalonzo/Sites/appium-class/wdio-appium/node_modules/@grpc/grpc-js/build/src/client.js:193:76)
    at Object.onReceiveStatus (/Users/alvinalonzo/Sites/appium-class/wdio-appium/node_modules/@grpc/grpc-js/build/src/client-interceptors.js:361:141)
    at Object.onReceiveStatus (/Users/alvinalonzo/Sites/appium-class/wdio-appium/node_modules/@grpc/grpc-js/build/src/client-interceptors.js:324:181)
    at /Users/alvinalonzo/Sites/appium-class/wdio-appium/node_modules/@grpc/grpc-js/build/src/resolving-call.js:135:78
    at process.processTicksAndRejections (node:internal/process/task_queues:85:11)
for call at
    at ServiceClientImpl.makeUnaryRequest (/Users/alvinalonzo/Sites/appium-class/wdio-appium/node_modules/@grpc/grpc-js/build/src/client.js:161:32)
    at ServiceClientImpl.stopBinSession (/Users/alvinalonzo/Sites/appium-class/wdio-appium/node_modules/@grpc/grpc-js/build/src/make-client.js:105:19)
    at node:internal/util:513:21
    at new Promise (<anonymous>)
    at ServiceClientImpl.<anonymous> (node:internal/util:499:12)
    at _GrpcClient.stopBinSession (file:///Users/alvinalonzo/Sites/appium-class/wdio-appium/node_modules/@wdio/browserstack-service/build/index.js:4532:36)
    at _BrowserstackCLI.stop (file:///Users/alvinalonzo/Sites/appium-class/wdio-appium/node_modules/@wdio/browserstack-service/build/index.js:9245:61)
    at BrowserstackLauncherService.onComplete (file:///Users/alvinalonzo/Sites/appium-class/wdio-appium/node_modules/@wdio/browserstack-service/build/index.js:11572:90)
    at process.processTicksAndRejections (node:internal/process/task_queues:104:5) {
  code: 14,
  details: 'No connection established. Last error: Error: connect ECONNREFUSED /tmp/sdk-platform-3c8bd701-bd39-4440-b785-4543bb063b8f.sock',
  metadata: Metadata { internalRepr: Map(0) {}, options: {} }
}
[90m2026-02-17T00:19:12.112Z[39m [31mERROR[39m [97m@wdio/browserstack-service[39m Error in stopBinSession: Error: 14 UNAVAILABLE: No connection established. Last error: Error: connect ECONNREFUSED /tmp/sdk-platform-3c8bd701-bd39-4440-b785-4543bb063b8f.sock
    at callErrorFromStatus (/Users/alvinalonzo/Sites/appium-class/wdio-appium/node_modules/@grpc/grpc-js/build/src/call.js:32:19)
    at Object.onReceiveStatus (/Users/alvinalonzo/Sites/appium-class/wdio-appium/node_modules/@grpc/grpc-js/build/src/client.js:193:76)
    at Object.onReceiveStatus (/Users/alvinalonzo/Sites/appium-class/wdio-appium/node_modules/@grpc/grpc-js/build/src/client-interceptors.js:361:141)
    at Object.onReceiveStatus (/Users/alvinalonzo/Sites/appium-class/wdio-appium/node_modules/@grpc/grpc-js/build/src/client-interceptors.js:324:181)
    at /Users/alvinalonzo/Sites/appium-class/wdio-appium/node_modules/@grpc/grpc-js/build/src/resolving-call.js:135:78
    at process.processTicksAndRejections (node:internal/process/task_queues:85:11)
for call at
    at ServiceClientImpl.makeUnaryRequest (/Users/alvinalonzo/Sites/appium-class/wdio-appium/node_modules/@grpc/grpc-js/build/src/client.js:161:32)
    at ServiceClientImpl.stopBinSession (/Users/alvinalonzo/Sites/appium-class/wdio-appium/node_modules/@grpc/grpc-js/build/src/make-client.js:105:19)
    at node:internal/util:513:21
    at new Promise (<anonymous>)
    at ServiceClientImpl.<anonymous> (node:internal/util:499:12)
    at _GrpcClient.stopBinSession (file:///Users/alvinalonzo/Sites/appium-class/wdio-appium/node_modules/@wdio/browserstack-service/build/index.js:4532:36)
    at _BrowserstackCLI.stop (file:///Users/alvinalonzo/Sites/appium-class/wdio-appium/node_modules/@wdio/browserstack-service/build/index.js:9245:61)
    at BrowserstackLauncherService.onComplete (file:///Users/alvinalonzo/Sites/appium-class/wdio-appium/node_modules/@wdio/browserstack-service/build/index.js:11572:90)
    at process.processTicksAndRejections (node:internal/process/task_queues:104:5) {
  code: 14,
  details: 'No connection established. Last error: Error: connect ECONNREFUSED /tmp/sdk-platform-3c8bd701-bd39-4440-b785-4543bb063b8f.sock',
  metadata: Metadata { internalRepr: Map(0) {}, options: {} }
}
[90m2026-02-17T00:19:12.112Z[39m [32mDEBUG[39m [97m@wdio/browserstack-service[39m stop: stopBinSession response=undefined
[90m2026-02-17T00:19:12.112Z[39m [32mDEBUG[39m [97m@wdio/browserstack-service[39m Unconfiguring modules
[90m2026-02-17T00:19:12.112Z[39m [32mDEBUG[39m [97m@wdio/browserstack-service[39m Configured module WebdriverIOModule with binSessionId=null, platformIndex=0
[90m2026-02-17T00:19:12.112Z[39m [32mDEBUG[39m [97m@wdio/browserstack-service[39m Configured module AutomateModule with binSessionId=null, platformIndex=0
[90m2026-02-17T00:19:12.112Z[39m [32mDEBUG[39m [97m@wdio/browserstack-service[39m Configured module ObservabilityModule with binSessionId=null, platformIndex=0
[90m2026-02-17T00:19:12.112Z[39m [32mDEBUG[39m [97m@wdio/browserstack-service[39m Configured module TestHubModule with binSessionId=null, platformIndex=0
[90m2026-02-17T00:19:12.112Z[39m [32mDEBUG[39m [97m@wdio/browserstack-service[39m stop: shutting down CLI
[90m2026-02-17T00:19:12.108Z[39m [32mDEBUG[39m [97m@wdio/browserstack-service[39m Timestamp conversion for sdk:cli:on-stop: 54427.119222 -> 1771287551558.2122 (timeOrigin: 1771287497131.093)
[90m2026-02-17T00:19:12.113Z[39m [32mDEBUG[39m [97m@wdio/browserstack-service[39m Timestamp conversion for sdk:cli:on-stop: 54427.119222 -> 1771287551558.2122 (timeOrigin: 1771287497131.093)
[90m2026-02-17T00:19:12.113Z[39m [32mDEBUG[39m [97m@wdio/browserstack-service[39m Timestamp conversion for sdk:cli:on-stop: 54427.119222 -> 1771287551558.2122 (timeOrigin: 1771287497131.093)
[90m2026-02-17T00:19:17.113Z[39m [33mWARN[39m [97m@wdio/browserstack-service[39m stop: process exit timeout, forcing kill
[90m2026-02-17T00:19:17.115Z[39m [32mDEBUG[39m [97m@wdio/browserstack-service[39m Timestamp conversion for sdk:automationFrameworkStop: 54426.897793 -> 1771287551557.9907 (timeOrigin: 1771287497131.093)
[90m2026-02-17T00:19:17.115Z[39m [32mDEBUG[39m [97m@wdio/browserstack-service[39m Timestamp conversion for sdk:cli:on-stop: 54427.119222 -> 1771287551558.2122 (timeOrigin: 1771287497131.093)
[90m2026-02-17T00:19:17.116Z[39m [96mINFO[39m [97m@wdio/browserstack-service[39m BrowserStack service run ended for id: f6e539f6-a11a-40d7-bdbe-809e5575b66b testhub id: wbykzlqi66atfxlqcueongdvbrepzlu5bvuhmvux
[90m2026-02-17T00:19:17.117Z[39m [32mDEBUG[39m [97m@wdio/browserstack-service[39m Reading worker file worker-data-29292.json
[90m2026-02-17T00:19:17.119Z[39m [32mDEBUG[39m [97m@wdio/browserstack-service[39m Sending SDK event with data {
  userName: '[REDACTED]',
  accessKey: '[REDACTED]',
  event_type: 'SDKTestSuccessful',
  detectedFramework: 'WebdriverIO-mocha',
  event_properties: {
    sdkRunId: 'f6e539f6-a11a-40d7-bdbe-809e5575b66b',
    testhub_uuid: 'wbykzlqi66atfxlqcueongdvbrepzlu5bvuhmvux',
    language_framework: 'WebdriverIO_mocha',
    referrer: 'WebdriverIO-mocha/9.23.3',
    language: 'WebdriverIO',
    languageVersion: 'v25.5.0',
    buildName: 'undefined',
    buildIdentifier: 'undefined',
    os: 'Darwin',
    hostname: 'MacBook-Pro-8.local',
    productMap: {
      observability: true,
      accessibility: true,
      percy: false,
      automate: true,
      app_automate: false
    },
    product: [ 'observability', 'accessibility', 'automate' ],
    framework: 'mocha',
    productUsage: {
      testObservability: {
        enabled: true,
        manuallySet: false,
        buildHashedId: 'wbykzlqi66atfxlqcueongdvbrepzlu5bvuhmvux',
        events: {
          buildEvents: {
            started: {
              isTriggered: undefined,
              status: undefined,
              error: undefined
            },
            finished: {
              isTriggered: undefined,
              status: undefined,
              error: undefined
            }
          },
          testEvents: {
            started: { triggeredCount: 0, sentCount: 0, failedCount: 0 },
            finished: { triggeredCount: 0, sentCount: 0, failedCount: 0 }
          },
          hookEvents: {
            started: { triggeredCount: 0, sentCount: 0, failedCount: 0 },
            finished: { triggeredCount: 0, sentCount: 0, failedCount: 0 }
          },
          logEvents: { triggeredCount: 0, sentCount: 0, failedCount: 0 },
          cbtSessionEvents: { triggeredCount: 0, sentCount: 0, failedCount: 0 }
        }
      }
    }
  }
}
[90m2026-02-17T00:19:17.332Z[39m [32mDEBUG[39m [97m@wdio/browserstack-service[39m Funnel Event Response: "{\"message\":\"SDK Event recorded successfully\"}"
[90m2026-02-17T00:19:17.332Z[39m [32mDEBUG[39m [97m@wdio/browserstack-service[39m Funnel event success
[90m2026-02-17T00:19:18.076Z[39m [32mDEBUG[39m [97m@wdio/browserstack-service[39m [Performance Upload] Starting upload for worker 29332
[90m2026-02-17T00:19:18.083Z[39m [32mDEBUG[39m [97m@wdio/browserstack-service[39m [Performance Upload] Total events from files: 53
[90m2026-02-17T00:19:18.626Z[39m [32mDEBUG[39m [97m@wdio/browserstack-service[39m [Performance Upload] Successfully uploaded to EDS: Bravo
[90m2026-02-17T00:19:18.627Z[39m [32mDEBUG[39m [97m@wdio/browserstack-service[39m [Performance Upload] Cleaned up 2 temporary report files
